"Text","TC name","text ID","typ_ID","right visible:"," ","Level 0","Level 1","Level 2","Level 3","Level 4","Level 5","Level 6","Level 7","Level 8","Level 9","Level 10","Level 11","Level 12","Level 13","Level 14","Level 15","right active:","Level 0","Level 1","Level 2","Level 3","Level 4","Level 5","Level 6","Level 7","Level 8","Level 9","Level 10","Level 11","Level 12","Level 13","Level 14","Level 15","state internal:","validation","protocol","PDA","signature required","operate at <> 0 degree","Force to format value","No safety check","phys. min","phys. max","read/write","Format"

Basic machine
"Switch Vacuum","BasicMachine_SWI_Vacuum",11067,"Schalter",421,2076,"false","false","true","true","true","false","false","false","false","false","false","true","false","false","false","false",2076,"false","false","true","true","true","false","false","false","false","false","false","true","false","false","false","false",19,"true","true","false","false","true","false","false",-99999,999999,"rw","f"
"Switch Link-up","BasicMachine_SWI_LinkUp",11005,"Schalter",422,2072,"false","false","false","true","true","false","false","false","false","false","false","true","false","false","false","false",2072,"false","false","false","true","true","false","false","false","false","false","false","true","false","false","false","false",19,"true","true","false","false","true","false","false",-99999,999999,"rw","f"
"Switch Serial error","BasicMachine_SWI_SerialError",11065,"Schalter",423,2072,"false","false","false","true","true","false","false","false","false","false","false","true","false","false","false","false",2064,"false","false","false","false","true","false","false","false","false","false","false","true","false","false","false","false",19,"true","true","false","false","true","false","false",-99999,999999,"rw","f"
"Cam cycle stop","BasicMachine_CAM_CycleStop",10978,"Winkel",446,2072,"false","false","false","true","true","false","false","false","false","false","false","true","false","false","false","false",2064,"false","false","false","false","true","false","false","false","false","false","false","true","false","false","false","false",19,"true","true","false","false","true","false","false",0,99,"rw","f"
"Cam reserve","BasicMachine_CAM_Spare",10685,"Winkel",447,2072,"false","false","false","true","true","false","false","false","false","false","false","true","false","false","false","false",2064,"false","false","false","false","true","false","false","false","false","false","false","true","false","false","false","false",19,"true","true","false","false","true","false","false",0,99,"rw","f"
"Speed selection","Basic_CON_P_MachineSpeed",12231,"Config",3,2076,"false","false","true","true","true","false","false","false","false","false","false","true","false","false","false","false",2072,"false","false","false","true","true","false","false","false","false","false","false","true","false","false","false","false",23,"true","true","true","false","true","false","false",15,400,"w","f"
"Speed","BasicMachine_SET_Speed",12314,"Notiz",72,2076,"false","false","true","true","true","false","false","false","false","false","false","true","false","false","false","false",2064,"false","false","false","false","true","false","false","false","false","false","false","true","false","false","false","false",3,"true","true","false","false","false","false","false",-99999,999999,"rw","f"

Code reading
"Carton reference code","CodeCarton_Code_RefCode",19945,"Code",411,2076,"false","false","true","true","true","false","false","false","false","false","false","true","false","false","false","false",2072,"false","false","false","true","true","false","false","false","false","false","false","true","false","false","false","false",23,"true","true","true","false","true","false","false",-99999,999999,"rw","f"
"Carton actual code","CodeCarton_Code_ActCode",19935,"Code",412,2076,"false","false","true","true","true","false","false","false","false","false","false","true","false","false","false","false",2064,"false","false","false","false","true","false","false","false","false","false","false","true","false","false","false","false",20,"false","false","true","false","true","false","false",-99999,999999,"r",
"Leaflet 1 reference code","CodeLeafUnderside_RefCode",19947,"Code",413,2076,"false","false","true","true","true","false","false","false","false","false","false","true","false","false","false","false",2072,"false","false","false","true","true","false","false","false","false","false","false","true","false","false","false","false",23,"true","true","true","false","true","false","false",-99999,999999,"rw","f"
"Leaflet 1 actual code","CodeLeafUnderside_ActCode",19937,"Code",414,2076,"false","false","true","true","true","false","false","false","false","false","false","true","false","false","false","false",2072,"false","false","false","true","true","false","false","false","false","false","false","true","false","false","false","false",20,"false","false","true","false","true","false","false",-99999,999999,"r",
"Label reference code","CodeLabel_RefCode",19964,"Code",415,2076,"false","false","true","true","true","false","false","false","false","false","false","true","false","false","false","false",2072,"false","false","false","true","true","false","false","false","false","false","false","true","false","false","false","false",22,"false","true","true","false","true","false","false",-999999,999999,"rw","f"
"Label actualcode","CodeLabel_ActCode",19966,"Code",416,2076,"false","false","true","true","true","false","false","false","false","false","false","true","false","false","false","false",2064,"false","false","false","false","true","false","false","false","false","false","false","true","false","false","false","false",20,"false","false","true","false","true","false","false",-99999,999999,"r",
"Switch carton code","CodeCarton_SWI_Carton",12551,"Schalter",436,2072,"false","false","false","true","true","false","false","false","false","false","false","true","false","false","false","false",2064,"false","false","false","false","true","false","false","false","false","false","false","true","false","false","false","false",23,"true","true","true","false","true","false","false",-99999,999999,"rw","f"
"Carton codereader","CodeCarton_SWI_ON_OFF",19920,"Schalter",417,2064,"false","false","false","false","true","false","false","false","false","false","false","true","false","false","false","false",2048,"false","false","false","false","false","false","false","false","false","false","false","true","false","false","false","false",23,"true","true","true","false","true","false","false",-99999,999999,"w","f"
"Switch leaflet code 1","CodeLeafUnderside_SWI_Leaflet",12552,"Schalter",433,2072,"false","false","false","true","true","false","false","false","false","false","false","true","false","false","false","false",2064,"false","false","false","false","true","false","false","false","false","false","false","true","false","false","false","false",23,"true","true","true","false","true","false","false",-99999,999999,"rw","f"
"Leaftlet code 1 codereader","CodeLeafUnderside_SWI_ON_OFF",64557,"Schalter",418,2064,"false","false","false","false","true","false","false","false","false","false","false","true","false","false","false","false",2048,"false","false","false","false","false","false","false","false","false","false","false","true","false","false","false","false",23,"true","true","true","false","true","false","false",-99999,999999,"w","f"
"Switch Label code","CodeLabel_SWI_Label",15274,"Schalter",444,2072,"false","false","false","true","true","false","false","false","false","false","false","true","false","false","false","false",2064,"false","false","false","false","true","false","false","false","false","false","false","true","false","false","false","false",23,"true","true","true","false","true","false","false",-99999,999999,"rw","f"
"Label codereader","CodeLabel_SWI_ON_OFF",19968,"Schalter",419,2064,"false","false","false","false","true","false","false","false","false","false","false","true","false","false","false","false",2048,"false","false","false","false","false","false","false","false","false","false","false","true","false","false","false","false",23,"true","true","true","false","true","false","false",-99999,999999,"w","f"
"Cam read release carton code","CodeCarton_CAM_ReadRelease",11073,"Winkel",461,2072,"false","false","false","true","true","false","false","false","false","false","false","true","false","false","false","false",2064,"false","false","false","false","true","false","false","false","false","false","false","true","false","false","false","false",19,"true","true","false","false","true","false","false",0,99,"rw","f"
"Cam read release label code","CodeLabel_CAM_ReadRelease",15275,"Winkel",468,2072,"false","false","false","true","true","false","false","false","false","false","false","true","false","false","false","false",2072,"false","false","false","true","true","false","false","false","false","false","false","true","false","false","false","false",19,"true","true","false","false","true","false","false",0,99,"rw","f"
"Cam code reader leaflet code 1","CodeLeafUnderside_CAM_ReadRelease",11074,"Winkel",457,2072,"false","false","false","true","true","false","false","false","false","false","false","true","false","false","false","false",2072,"false","false","false","true","true","false","false","false","false","false","false","true","false","false","false","false",19,"true","true","false","false","true","false","false",0,99,"rw","f"
"Section carton code","CodeCarton_CON_SEC",15481,"Config",42,2072,"false","false","false","true","true","false","false","false","false","false","false","true","false","false","false","false",2064,"false","false","false","false","true","false","false","false","false","false","false","true","false","false","false","false",19,"true","true","false","false","true","false","false",0,256,"rw","f"
"Section leaflet code 1","CodeLeafUnderside_CON_SEC",10363,"Config",35,2072,"false","false","false","true","true","false","false","false","false","false","false","true","false","false","false","false",2072,"false","false","false","true","true","false","false","false","false","false","false","true","false","false","false","false",19,"true","true","false","false","true","false","false",0,256,"rw","f"
"Section label code","CodeLabel_CON_SEC",15276,"Config",66,2072,"false","false","false","true","true","false","false","false","false","false","false","true","false","false","false","false",2064,"false","false","false","false","true","false","false","false","false","false","false","true","false","false","false","false",19,"true","true","false","false","true","false","false",0,256,"rw","f"
"Serial error carton code","CodeCarton_CON_SerialError",10340,"Config",43,2072,"false","false","false","true","true","false","false","false","false","false","false","true","false","false","false","false",2064,"false","false","false","false","true","false","false","false","false","false","false","true","false","false","false","false",19,"true","true","false","false","true","false","false",0,99,"w","f"
"Serial error leaflet code 1","CodeLeafUnderside_CON_SerialError",10338,"Config",36,2072,"false","false","false","true","true","false","false","false","false","false","false","true","false","false","false","false",2064,"false","false","false","false","true","false","false","false","false","false","false","true","false","false","false","false",19,"true","true","false","false","true","false","false",0,99,"w","f"
"Serial error label code","CodeLabel_CON_SerialError",15256,"Config",68,2072,"false","false","false","true","true","false","false","false","false","false","false","true","false","false","false","false",2064,"false","false","false","false","true","false","false","false","false","false","false","true","false","false","false","false",19,"true","true","false","false","true","false","false",0,99,"w","f"
"CODE READER CARTON","CodeCarton_SET_H",15158,"Notiz",260,2076,"false","false","true","true","true","false","false","false","false","false","false","true","false","false","false","false",2064,"false","false","false","false","true","false","false","false","false","false","false","true","false","false","false","false",3,"true","true","false","false","false","false","false",-99999,999999,"w","f"
"Carton code height","CodeCarton_SET_Height",12083,"Notiz",261,2076,"false","false","true","true","true","false","false","false","false","false","false","true","false","false","false","false",2064,"false","false","false","false","true","false","false","false","false","false","false","true","false","false","false","false",3,"true","true","false","false","false","false","false",-99999,999999,"rw","f"
"Carton code length","CodeCarton_SET_Length",12084,"Notiz",262,2076,"false","false","true","true","true","false","false","false","false","false","false","true","false","false","false","false",2064,"false","false","false","false","true","false","false","false","false","false","false","true","false","false","false","false",3,"true","true","false","false","false","false","false",-99999,999999,"rw","f"
"Program number code reader","CodeCarton_SET_ProgNumber",14172,"Notiz",263,2076,"false","false","true","true","true","false","false","false","false","false","false","true","false","false","false","false",2064,"false","false","false","false","true","false","false","false","false","false","false","true","false","false","false","false",3,"true","true","false","false","false","false","false",-99999,999999,"rw","f"
"CODEREADER LEAFLET UNDERSIDE","CodeLeafUnderside_SET_H",27216,"Notiz",235,2076,"false","false","true","true","true","false","false","false","false","false","false","true","false","false","false","false",2064,"false","false","false","false","true","false","false","false","false","false","false","true","false","false","false","false",3,"true","true","false","false","false","false","false",-99999,999999,"w","f"
"Leaflet code 1 height","CodeLeafUnderside_SET_Height",17489,"Notiz",236,2076,"false","false","true","true","true","false","false","false","false","false","false","true","false","false","false","false",2064,"false","false","false","false","true","false","false","false","false","false","false","true","false","false","false","false",3,"true","true","false","false","false","false","false",-99999,999999,"rw","f"
"Leaflet code 1 width","CodeLeafUnderside_SET_Width",12229,"Notiz",237,2076,"false","false","true","true","true","false","false","false","false","false","false","true","false","false","false","false",2064,"false","false","false","false","true","false","false","false","false","false","false","true","false","false","false","false",3,"true","true","false","false","false","false","false",-99999,999999,"rw","f"
"Leaflet code  length","CodeLeafUnderside_SET_Length",21281,"Notiz",238,2076,"false","false","true","true","true","false","false","false","false","false","false","true","false","false","false","false",2064,"false","false","false","false","true","false","false","false","false","false","false","true","false","false","false","false",3,"true","true","false","false","false","false","false",-99999,999999,"rw","f"
"CODEREADER LABEL","CodeLabel_SET_H",27783,"Notiz",380,2076,"false","false","true","true","true","false","false","false","false","false","false","true","false","false","false","false",2064,"false","false","false","false","true","false","false","false","false","false","false","true","false","false","false","false",3,"true","true","false","false","false","false","false",-99999,999999,"w","f"
"Label code height","CodeLabel_SET_CodeHeight",15272,"Notiz",381,2076,"false","false","true","true","true","false","false","false","false","false","false","true","false","false","false","false",2064,"false","false","false","false","true","false","false","false","false","false","false","true","false","false","false","false",3,"true","true","false","false","false","false","false",-99999,999999,"rw","f"
"Label code length","CodeLabel_SET_CodeLength",15271,"Notiz",382,2076,"false","false","true","true","true","false","false","false","false","false","false","true","false","false","false","false",2064,"false","false","false","false","true","false","false","false","false","false","false","true","false","false","false","false",3,"true","true","false","false","false","false","false",-99999,999999,"rw","f"

Infeed conveyor
"Delay Time Blister pusher 1","InFeedConveyor_1_CON_SEC_DelayTimePusher",16045,"Config",9,2076,"false","false","true","true","true","false","false","false","false","false","false","true","false","false","false","false",2072,"false","false","false","true","true","false","false","false","false","false","false","true","false","false","false","false",19,"true","true","false","false","true","false","false",0,300,"w","f"
"Duration Blister pusher 1","InFeedConveyor_1_CON_SEC_TimePusher",16046,"Config",10,2076,"false","false","true","true","true","false","false","false","false","false","false","true","false","false","false","false",2072,"false","false","false","true","true","false","false","false","false","false","false","true","false","false","false","false",19,"true","true","false","false","true","false","false",0,300,"w","f"
"Speed Vacuum conveyer belt","InFeedConveyor_1_CON_SEC_Speed",17668,"Config",8,2076,"false","false","true","true","true","false","false","false","false","false","false","true","false","false","false","false",2072,"false","false","false","true","true","false","false","false","false","false","false","true","false","false","false","false",19,"true","true","false","false","true","false","false",1,100,"w","f"
"SUCTION TRANSFER CONVEYER","InFeedConveyor_1_SET_H",17943,"Notiz",73,2072,"false","false","false","true","true","false","false","false","false","false","false","true","false","false","false","false",2064,"false","false","false","false","true","false","false","false","false","false","false","true","false","false","false","false",3,"true","true","false","false","false","false","false",-99999,999999,"w","f"
"SUCTION TRANSFER CONVEYER TFM","InFeedConveyor_1_SET_H_TFM",21552,"Notiz",74,2072,"false","false","false","true","true","false","false","false","false","false","false","true","false","false","false","false",2064,"false","false","false","false","true","false","false","false","false","false","false","true","false","false","false","false",3,"true","true","false","false","false","false","false",-99999,999999,"w","f"
"Blister tucker","InFeedConveyor_1_SET_BlisterPusher",12202,"Notiz",75,2072,"false","false","false","true","true","false","false","false","false","false","false","true","false","false","false","false",2064,"false","false","false","false","true","false","false","false","false","false","false","true","false","false","false","false",3,"true","true","false","false","false","false","false",-99999,999999,"rw","f"
"Blister stopper","InFeedConveyor_1_SET_BlisterStopper",15323,"Notiz",76,2072,"false","false","false","true","true","false","false","false","false","false","false","true","false","false","false","false",2064,"false","false","false","false","true","false","false","false","false","false","false","true","false","false","false","false",3,"true","true","false","false","false","false","false",-99999,999999,"rw","f"
"Sensor - tucker","InFeedConveyor_1_SET_SensorPusher",12976,"Notiz",77,2072,"false","false","false","true","true","false","false","false","false","false","false","true","false","false","false","false",2064,"false","false","false","false","true","false","false","false","false","false","false","true","false","false","false","false",3,"true","true","false","false","false","false","false",-99999,999999,"rw","f"
"Vakuum regulation","InFeedConveyor_1_SET_VacuumControl",13980,"Notiz",78,2072,"false","false","false","true","true","false","false","false","false","false","false","true","false","false","false","false",2064,"false","false","false","false","true","false","false","false","false","false","false","true","false","false","false","false",3,"true","true","false","false","false","false","false",-99999,999999,"rw","f"
"Belt speed","InFeedConveyor_1_SET_BeltSpeed",13614,"Notiz",79,2072,"false","false","false","true","true","false","false","false","false","false","false","true","false","false","false","false",2064,"false","false","false","false","true","false","false","false","false","false","false","true","false","false","false","false",3,"true","true","false","false","false","false","false",-99999,999999,"rw","f"
"Height vacuum belt","InFeedConveyor_1_SET_VacuumBeltHeight",14539,"Notiz",80,2072,"false","false","false","true","true","false","false","false","false","false","false","true","false","false","false","false",2064,"false","false","false","false","true","false","false","false","false","false","false","true","false","false","false","false",3,"true","true","false","false","false","false","false",-99999,999999,"rw","f"
"Width vacuum belt","InFeedConveyor_1_SET_VacuuBeltWidth",17824,"Notiz",81,2072,"false","false","false","true","true","false","false","false","false","false","false","true","false","false","false","false",2064,"false","false","false","false","true","false","false","false","false","false","false","true","false","false","false","false",3,"true","true","false","false","false","false","false",-99999,999999,"rw","f"
"Guide bars","InFeedConveyor_1_SET_GuideBars",14280,"Notiz",82,2072,"false","false","false","true","true","false","false","false","false","false","false","true","false","false","false","false",2064,"false","false","false","false","true","false","false","false","false","false","false","true","false","false","false","false",3,"true","true","false","false","false","false","false",-99999,999999,"rw","f"

Product feeder blister
"Switch Product","ProductMonitoringBlister_SWI_On",11062,"Schalter",428,2072,"false","false","false","true","true","false","false","false","false","false","false","true","false","false","false","false",2076,"false","false","true","true","true","false","false","false","false","false","false","true","false","false","false","false",19,"true","true","false","false","true","false","false",-99999,999999,"rw","f"
"Switch discharge blister magazine","BlisterCounting_1_SWI_RunEmptyMode",11071,"Schalter",425,2076,"false","false","true","true","true","false","false","false","false","false","false","true","false","false","false","false",2076,"false","false","true","true","true","false","false","false","false","false","false","true","false","false","false","false",18,"false","true","false","false","true","false","false",-99999,999999,"rw",
"Switch Fill up blister magazine","BlisterCounting_1_SWI_FillUpMode",14511,"Schalter",426,2076,"false","false","true","true","true","false","false","false","false","false","false","true","false","false","false","false",2076,"false","false","true","true","true","false","false","false","false","false","false","true","false","false","false","false",18,"false","true","false","false","true","false","false",-99999,999999,"rw",
"Reference run servo drives","BlisterCounting_1_SWI_StartRefRun",15729,"Schalter",427,2076,"false","false","true","true","true","false","false","false","false","false","false","true","false","false","false","false",2076,"false","false","true","true","true","false","false","false","false","false","false","true","false","false","false","false",18,"false","true","false","false","true","false","false",-99999,999999,"rw",
"Cam stepper motor control start","BlisterCounting_1_CAM_StartCount",11227,"Winkel",448,2072,"false","false","false","true","true","false","false","false","false","false","false","true","false","false","false","false",2064,"false","false","false","false","true","false","false","false","false","false","false","true","false","false","false","false",19,"true","true","false","false","true","false","false",0,99,"rw","f"
"Cam product detection","ProductMonitoringBlister_CAM_Detection",10156,"Winkel",450,2072,"false","false","false","true","true","false","false","false","false","false","false","true","false","false","false","false",2064,"false","false","false","false","true","false","false","false","false","false","false","true","false","false","false","false",19,"true","true","false","false","true","false","false",0,99,"rw","f"
"Cam reference signal pendulum magazine","BlisterCounting_1_CAM_RefSignalBlisterMag",10993,"Winkel",449,2072,"false","false","false","true","true","false","false","false","false","false","false","true","false","false","false","false",2064,"false","false","false","false","true","false","false","false","false","false","false","true","false","false","false","false",19,"true","true","false","false","true","false","false",0,99,"rw","f"
"Counting speed","BlisterCounting_1_CON_P_CountSpeed",10332,"Config",12,2072,"false","false","false","true","true","false","false","false","false","false","false","true","false","false","false","false",2064,"false","false","false","false","true","false","false","false","false","false","false","true","false","false","false","false",19,"true","true","false","false","true","false","false",0,30,"w","f"
"Acceleration","BlisterCounting_1_CON_P_CountAcceleration",14991,"Config",13,2072,"false","false","false","true","true","false","false","false","false","false","false","true","false","false","false","false",2064,"false","false","false","false","true","false","false","false","false","false","false","true","false","false","false","false",19,"true","true","false","false","true","false","false",0,500,"w","f"
"Blister amount","BlisterCounting_1_CON_P_NumberOfProducts",10330,"Config",11,2076,"false","false","true","true","true","false","false","false","false","false","false","true","false","false","false","false",2072,"false","false","false","true","true","false","false","false","false","false","false","true","false","false","false","false",19,"true","true","false","false","true","false","false",1,19,"w","f"
"Section counting magazine 1","BlisterCounting_1_CON_SEC",10350,"Config",14,2072,"false","false","false","true","true","false","false","false","false","false","false","true","false","false","false","false",2064,"false","false","false","false","true","false","false","false","false","false","false","true","false","false","false","false",19,"true","true","false","false","true","false","false",0,256,"rw","f"
"Section counting redundant magazine","RedundantMagazine_CON_SEC",10352,"Config",16,2072,"false","false","false","true","true","false","false","false","false","false","false","true","false","false","false","false",2064,"false","false","false","false","true","false","false","false","false","false","false","true","false","false","false","false",19,"true","true","false","false","true","false","false",0,256,"rw","f"
"Section product detection","ProductMonitoring_Blister_CON_SEC_ProdScan",10353,"Config",18,2072,"false","false","false","true","true","false","false","false","false","false","false","true","false","false","false","false",2064,"false","false","false","false","true","false","false","false","false","false","false","true","false","false","false","false",19,"true","true","false","false","true","false","false",0,256,"rw","f"
"Serial error product","ProductMonitoring_Blister_CON_SerialError",10333,"Config",19,2072,"false","false","false","true","true","false","false","false","false","false","false","true","false","false","false","false",2064,"false","false","false","false","true","false","false","false","false","false","false","true","false","false","false","false",19,"true","true","false","false","true","false","false",0,99,"w","f"
"PRODUCT FEEDER","BlisterCounting_1_SET_H",12155,"Notiz",83,2076,"false","false","true","true","true","false","false","false","false","false","false","true","false","false","false","false",2064,"false","false","false","false","true","false","false","false","false","false","false","true","false","false","false","false",3,"true","true","false","false","false","false","false",-99999,999999,"w","f"
"Cassette","BlisterCounting_1_SET_TranspCassette",11194,"Notiz",84,2076,"false","false","true","true","true","false","false","false","false","false","false","true","false","false","false","false",2064,"false","false","false","false","true","false","false","false","false","false","false","true","false","false","false","false",3,"true","true","false","false","false","false","false",-99999,999999,"rw","f"
"Blister magazine","BlisterCounting_1_SET_BlisterMagazine",11049,"Notiz",85,2076,"false","false","true","true","true","false","false","false","false","false","false","true","false","false","false","false",2064,"false","false","false","false","true","false","false","false","false","false","false","true","false","false","false","false",3,"true","true","false","false","false","false","false",-99999,999999,"rw","f"
"Blister magazine 1","BlisterCounting_1_SET_BlisterMagazine1",20943,"Notiz",86,2076,"false","false","true","true","true","false","false","false","false","false","false","true","false","false","false","false",2064,"false","false","false","false","true","false","false","false","false","false","false","true","false","false","false","false",3,"true","true","false","false","false","false","false",-99999,999999,"rw","f"
"Redundant magazine","RedundantMagazine_SET_RedundantMagazine",12095,"Notiz",148,2076,"false","false","true","true","true","false","false","false","false","false","false","true","false","false","false","false",2064,"false","false","false","false","true","false","false","false","false","false","false","true","false","false","false","false",3,"true","true","false","false","false","false","false",-99999,999999,"rw","f"
"Upper magazine part","BlisterCounting_1_SET_UpperMagazinePart",15015,"Notiz",87,2076,"false","false","true","true","true","false","false","false","false","false","false","true","false","false","false","false",2064,"false","false","false","false","true","false","false","false","false","false","false","true","false","false","false","false",3,"true","true","false","false","false","false","false",-99999,999999,"rw","f"
"Middle magazine part","BlisterCounting_1_SET_MiddleMagazinePart",14982,"Notiz",88,2076,"false","false","true","true","true","false","false","false","false","false","false","true","false","false","false","false",2064,"false","false","false","false","true","false","false","false","false","false","false","true","false","false","false","false",3,"true","true","false","false","false","false","false",-99999,999999,"rw","f"
"Lower magazine part","BlisterCounting_1_SET_LowerMagazinePart",13032,"Notiz",89,2076,"false","false","true","true","true","false","false","false","false","false","false","true","false","false","false","false",2064,"false","false","false","false","true","false","false","false","false","false","false","true","false","false","false","false",3,"true","true","false","false","false","false","false",-99999,999999,"rw","f"
"Level control blister magazine","BlisterCounting_1_SET_LevContBlisMag",12670,"Notiz",90,2076,"false","false","true","true","true","false","false","false","false","false","false","true","false","false","false","false",2064,"false","false","false","false","true","false","false","false","false","false","false","true","false","false","false","false",3,"true","true","false","false","false","false","false",-99999,999999,"rw","f"
"Level control blister magazine 1 height","BlisterCounting_1_SET_LevContHeight",18570,"Notiz",91,2076,"false","false","true","true","true","false","false","false","false","false","false","true","false","false","false","false",2064,"false","false","false","false","true","false","false","false","false","false","false","true","false","false","false","false",3,"true","true","false","false","false","false","false",-99999,999999,"rw","f"
"Level control blister magazine 1 length","BlisterCounting_1_SET_LevContLength",18574,"Notiz",92,2076,"false","false","true","true","true","false","false","false","false","false","false","true","false","false","false","false",2064,"false","false","false","false","true","false","false","false","false","false","false","true","false","false","false","false",3,"true","true","false","false","false","false","false",-99999,999999,"rw","f"
"Level control redundant magazine height","RedundantMagazine_SET_LevelControl_Height",18573,"Notiz",150,2076,"false","false","true","true","true","false","false","false","false","false","false","true","false","false","false","false",2064,"false","false","false","false","true","false","false","false","false","false","false","true","false","false","false","false",3,"true","true","false","false","false","false","false",-99999,999999,"rw","f"
"Level control redundant magazine length","RedundantMagazine_SET_LevelControl_Length",18577,"Notiz",151,2076,"false","false","true","true","true","false","false","false","false","false","false","true","false","false","false","false",2064,"false","false","false","false","true","false","false","false","false","false","false","true","false","false","false","false",3,"true","true","false","false","false","false","false",-99999,999999,"rw","f"
"Jam monitoring blister magazine 1 length","BlisterCounting_1_SET_JamContLength",20971,"Notiz",93,2076,"false","false","true","true","true","false","false","false","false","false","false","true","false","false","false","false",2064,"false","false","false","false","true","false","false","false","false","false","false","true","false","false","false","false",3,"true","true","false","false","false","false","false",-99999,999999,"rw","f"
"Jam monitoring blister magazine 1 height","BlisterCounting_1_SET_JamContHeight",22119,"Notiz",94,2076,"false","false","true","true","true","false","false","false","false","false","false","true","false","false","false","false",2064,"false","false","false","false","true","false","false","false","false","false","false","true","false","false","false","false",3,"true","true","false","false","false","false","false",-99999,999999,"rw","f"
"Position counting 1.1","BlisterCounting_1_SET_PosCount1.1",15319,"Notiz",95,2076,"false","false","true","true","true","false","false","false","false","false","false","true","false","false","false","false",2064,"false","false","false","false","true","false","false","false","false","false","false","true","false","false","false","false",3,"true","true","false","false","false","false","false",-99999,999999,"rw","f"
"Position counting 1.2","BlisterCounting_1_SET_PosCount1.2",15781,"Notiz",96,2076,"false","false","true","true","true","false","false","false","false","false","false","true","false","false","false","false",2064,"false","false","false","false","true","false","false","false","false","false","false","true","false","false","false","false",3,"true","true","false","false","false","false","false",-99999,999999,"rw","f"
"Position counting 1.3","BlisterCounting_1_SET_PosCount1.3",15782,"Notiz",97,2076,"false","false","true","true","true","false","false","false","false","false","false","true","false","false","false","false",2064,"false","false","false","false","true","false","false","false","false","false","false","true","false","false","false","false",3,"true","true","false","false","false","false","false",-99999,999999,"rw","f"
"Position counting 1.4","BlisterCounting_1_SET_PosCount1.4",15783,"Notiz",98,2076,"false","false","true","true","true","false","false","false","false","false","false","true","false","false","false","false",2064,"false","false","false","false","true","false","false","false","false","false","false","true","false","false","false","false",3,"true","true","false","false","false","false","false",-99999,999999,"rw","f"
"Position counting 1.5","BlisterCounting_1_SET_PosCount1.5",15784,"Notiz",99,2076,"false","false","true","true","true","false","false","false","false","false","false","true","false","false","false","false",2064,"false","false","false","false","true","false","false","false","false","false","false","true","false","false","false","false",3,"true","true","false","false","false","false","false",-99999,999999,"rw","f"
"Position counting 1.6","BlisterCounting_1_SET_PosCount1.6",15785,"Notiz",100,2076,"false","false","true","true","true","false","false","false","false","false","false","true","false","false","false","false",2064,"false","false","false","false","true","false","false","false","false","false","false","true","false","false","false","false",3,"true","true","false","false","false","false","false",-99999,999999,"rw","f"
"Position counting 1.7","BlisterCounting_1_SET_PosCount1.7",20874,"Notiz",101,2076,"false","false","true","true","true","false","false","false","false","false","false","true","false","false","false","false",2064,"false","false","false","false","true","false","false","false","false","false","false","true","false","false","false","false",3,"true","true","false","false","false","false","false",-99999,999999,"rw","f"
"Position counting 1.8","BlisterCounting_1_SET_PosCount1.8",20875,"Notiz",102,2076,"false","false","true","true","true","false","false","false","false","false","false","true","false","false","false","false",2064,"false","false","false","false","true","false","false","false","false","false","false","true","false","false","false","false",3,"true","true","false","false","false","false","false",-99999,999999,"rw","f"
"Position counting 2.1","BlisterCounting_1_SET_PosCount2.1",15320,"Notiz",103,2076,"false","false","true","true","true","false","false","false","false","false","false","true","false","false","false","false",2064,"false","false","false","false","true","false","false","false","false","false","false","true","false","false","false","false",3,"true","true","false","false","false","false","false",-99999,999999,"rw","f"
"Position counting 2.2","BlisterCounting_1_SET_PosCount2.2",15786,"Notiz",104,2076,"false","false","true","true","true","false","false","false","false","false","false","true","false","false","false","false",2064,"false","false","false","false","true","false","false","false","false","false","false","true","false","false","false","false",3,"true","true","false","false","false","false","false",-99999,999999,"rw","f"
"Position counting 2.3","BlisterCounting_1_SET_PosCount2.3",15787,"Notiz",105,2076,"false","false","true","true","true","false","false","false","false","false","false","true","false","false","false","false",2064,"false","false","false","false","true","false","false","false","false","false","false","true","false","false","false","false",3,"true","true","false","false","false","false","false",-99999,999999,"rw","f"
"Position counting 2.4","BlisterCounting_1_SET_PosCount2.4",15788,"Notiz",106,2076,"false","false","true","true","true","false","false","false","false","false","false","true","false","false","false","false",2064,"false","false","false","false","true","false","false","false","false","false","false","true","false","false","false","false",3,"true","true","false","false","false","false","false",-99999,999999,"rw","f"
"Position counting 2.5","BlisterCounting_1_SET_PosCount2.5",15789,"Notiz",107,2076,"false","false","true","true","true","false","false","false","false","false","false","true","false","false","false","false",2064,"false","false","false","false","true","false","false","false","false","false","false","true","false","false","false","false",3,"true","true","false","false","false","false","false",-99999,999999,"rw","f"
"Position counting 2.6","BlisterCounting_1_SET_PosCount2.6",15790,"Notiz",108,2076,"false","false","true","true","true","false","false","false","false","false","false","true","false","false","false","false",2064,"false","false","false","false","true","false","false","false","false","false","false","true","false","false","false","false",3,"true","true","false","false","false","false","false",-99999,999999,"rw","f"
"Position counting 2.7","BlisterCounting_1_SET_PosCount2.7",20876,"Notiz",109,2076,"false","false","true","true","true","false","false","false","false","false","false","true","false","false","false","false",2064,"false","false","false","false","true","false","false","false","false","false","false","true","false","false","false","false",3,"true","true","false","false","false","false","false",-99999,999999,"rw","f"
"Position counting 2.8","BlisterCounting_1_SET_PosCount2.8",20877,"Notiz",110,2076,"false","false","true","true","true","false","false","false","false","false","false","true","false","false","false","false",2064,"false","false","false","false","true","false","false","false","false","false","false","true","false","false","false","false",3,"true","true","false","false","false","false","false",-99999,999999,"rw","f"
"Position counting 3.1","BlisterCounting_1_SET_PosCount3.1",15327,"Notiz",111,2076,"false","false","true","true","true","false","false","false","false","false","false","true","false","false","false","false",2064,"false","false","false","false","true","false","false","false","false","false","false","true","false","false","false","false",3,"true","true","false","false","false","false","false",-99999,999999,"rw","f"
"Position counting 3.2","BlisterCounting_1_SET_PosCount3.2",15791,"Notiz",112,2076,"false","false","true","true","true","false","false","false","false","false","false","true","false","false","false","false",2064,"false","false","false","false","true","false","false","false","false","false","false","true","false","false","false","false",3,"true","true","false","false","false","false","false",-99999,999999,"rw","f"
"Position counting 3.3","BlisterCounting_1_SET_PosCount3.3",15792,"Notiz",113,2076,"false","false","true","true","true","false","false","false","false","false","false","true","false","false","false","false",2064,"false","false","false","false","true","false","false","false","false","false","false","true","false","false","false","false",3,"true","true","false","false","false","false","false",-99999,999999,"rw","f"
"Position counting 3.4","BlisterCounting_1_SET_PosCount3.4",15793,"Notiz",114,2076,"false","false","true","true","true","false","false","false","false","false","false","true","false","false","false","false",2064,"false","false","false","false","true","false","false","false","false","false","false","true","false","false","false","false",3,"true","true","false","false","false","false","false",-99999,999999,"rw","f"
"Position counting 3.5","BlisterCounting_1_SET_PosCount3.5",15794,"Notiz",115,2076,"false","false","true","true","true","false","false","false","false","false","false","true","false","false","false","false",2064,"false","false","false","false","true","false","false","false","false","false","false","true","false","false","false","false",3,"true","true","false","false","false","false","false",-99999,999999,"rw","f"
"Position counting 3.6","BlisterCounting_1_SET_PosCount3.6",15795,"Notiz",116,2076,"false","false","true","true","true","false","false","false","false","false","false","true","false","false","false","false",2064,"false","false","false","false","true","false","false","false","false","false","false","true","false","false","false","false",3,"true","true","false","false","false","false","false",-99999,999999,"rw","f"
"Position counting 3.7","BlisterCounting_1_SET_PosCount3.7",20878,"Notiz",117,2076,"false","false","true","true","true","false","false","false","false","false","false","true","false","false","false","false",2064,"false","false","false","false","true","false","false","false","false","false","false","true","false","false","false","false",3,"true","true","false","false","false","false","false",-99999,999999,"rw","f"
"Position counting 3.8","BlisterCounting_1_SET_PosCount3.8",20879,"Notiz",118,2076,"false","false","true","true","true","false","false","false","false","false","false","true","false","false","false","false",2064,"false","false","false","false","true","false","false","false","false","false","false","true","false","false","false","false",3,"true","true","false","false","false","false","false",-99999,999999,"rw","f"
"Position counting 4.1","BlisterCounting_1_SET_PosCount4.1",15468,"Notiz",119,2076,"false","false","true","true","true","false","false","false","false","false","false","true","false","false","false","false",2064,"false","false","false","false","true","false","false","false","false","false","false","true","false","false","false","false",3,"true","true","false","false","false","false","false",-99999,999999,"rw","f"
"Position counting 4.2","BlisterCounting_1_SET_PosCount4.2",15796,"Notiz",120,2076,"false","false","true","true","true","false","false","false","false","false","false","true","false","false","false","false",2064,"false","false","false","false","true","false","false","false","false","false","false","true","false","false","false","false",3,"true","true","false","false","false","false","false",-99999,999999,"rw","f"
"Position counting 4.3","BlisterCounting_1_SET_PosCount4.3",15797,"Notiz",121,2076,"false","false","true","true","true","false","false","false","false","false","false","true","false","false","false","false",2064,"false","false","false","false","true","false","false","false","false","false","false","true","false","false","false","false",3,"true","true","false","false","false","false","false",-99999,999999,"rw","f"
"Position counting 4.4","BlisterCounting_1_SET_PosCount4.4",15798,"Notiz",122,2076,"false","false","true","true","true","false","false","false","false","false","false","true","false","false","false","false",2064,"false","false","false","false","true","false","false","false","false","false","false","true","false","false","false","false",3,"true","true","false","false","false","false","false",-99999,999999,"rw","f"
"Position counting 4.5","BlisterCounting_1_SET_PosCount4.5",15799,"Notiz",123,2076,"false","false","true","true","true","false","false","false","false","false","false","true","false","false","false","false",2064,"false","false","false","false","true","false","false","false","false","false","false","true","false","false","false","false",3,"true","true","false","false","false","false","false",-99999,999999,"rw","f"
"Position counting 4.6","BlisterCounting_1_SET_PosCount4.6",15800,"Notiz",124,2076,"false","false","true","true","true","false","false","false","false","false","false","true","false","false","false","false",2064,"false","false","false","false","true","false","false","false","false","false","false","true","false","false","false","false",3,"true","true","false","false","false","false","false",-99999,999999,"rw","f"
"Position counting 4.7","BlisterCounting_1_SET_PosCount4.7",20880,"Notiz",125,2076,"false","false","true","true","true","false","false","false","false","false","false","true","false","false","false","false",2064,"false","false","false","false","true","false","false","false","false","false","false","true","false","false","false","false",3,"true","true","false","false","false","false","false",-99999,999999,"rw","f"
"Position counting 4.8","BlisterCounting_1_SET_PosCount4.8",20881,"Notiz",126,2076,"false","false","true","true","true","false","false","false","false","false","false","true","false","false","false","false",2064,"false","false","false","false","true","false","false","false","false","false","false","true","false","false","false","false",3,"true","true","false","false","false","false","false",-99999,999999,"rw","f"
"Counting wheels 2-point","BlisterCounting_1_SET_CountWheel2Pt",11051,"Notiz",127,2076,"false","false","true","true","true","false","false","false","false","false","false","true","false","false","false","false",2064,"false","false","false","false","true","false","false","false","false","false","false","true","false","false","false","false",3,"true","true","false","false","false","false","false",-99999,999999,"rw","f"
"Upper counting wheels 2-point","BlisterCounting_1_SET_UpCountWheel2Pt",12096,"Notiz",128,2076,"false","false","true","true","true","false","false","false","false","false","false","true","false","false","false","false",2064,"false","false","false","false","true","false","false","false","false","false","false","true","false","false","false","false",3,"true","true","false","false","false","false","false",-99999,999999,"rw","f"
"Counting wheels 4-point","BlisterCounting_1_SET_CountWheel4Pt",12200,"Notiz",129,2076,"false","false","true","true","true","false","false","false","false","false","false","true","false","false","false","false",2064,"false","false","false","false","true","false","false","false","false","false","false","true","false","false","false","false",3,"true","true","false","false","false","false","false",-99999,999999,"rw","f"
"Upper counting wheels 4-point","BlisterCounting_1_SET_UpCountWheel4Pt",12201,"Notiz",130,2076,"false","false","true","true","true","false","false","false","false","false","false","true","false","false","false","false",2064,"false","false","false","false","true","false","false","false","false","false","false","true","false","false","false","false",3,"true","true","false","false","false","false","false",-99999,999999,"rw","f"
"Counting wheels 6-point","BlisterCounting_1_SET_CountWheel6Pt",14152,"Notiz",131,2076,"false","false","true","true","true","false","false","false","false","false","false","true","false","false","false","false",2064,"false","false","false","false","true","false","false","false","false","false","false","true","false","false","false","false",3,"true","true","false","false","false","false","false",-99999,999999,"rw","f"
"Upper counting wheels 6-point","BlisterCounting_1_SET_UpCountWheel6Pt",14153,"Notiz",132,2076,"false","false","true","true","true","false","false","false","false","false","false","true","false","false","false","false",2064,"false","false","false","false","true","false","false","false","false","false","false","true","false","false","false","false",3,"true","true","false","false","false","false","false",-99999,999999,"rw","f"
"Counting wheels 4-side","BlisterCounting_1_SET_CountWheel4Sides",16968,"Notiz",133,2076,"false","false","true","true","true","false","false","false","false","false","false","true","false","false","false","false",2064,"false","false","false","false","true","false","false","false","false","false","false","true","false","false","false","false",3,"true","true","false","false","false","false","false",-99999,999999,"rw","f"
"Counting wheels up 4 side","BlisterCounting_1_SET_UpCountWheel4Sides",16969,"Notiz",134,2076,"false","false","true","true","true","false","false","false","false","false","false","true","false","false","false","false",2064,"false","false","false","false","true","false","false","false","false","false","false","true","false","false","false","false",3,"true","true","false","false","false","false","false",-99999,999999,"rw","f"
"Product support","BlisterCounting_1_SET_ProdSupport",12505,"Notiz",135,2076,"false","false","true","true","true","false","false","false","false","false","false","true","false","false","false","false",2064,"false","false","false","false","true","false","false","false","false","false","false","true","false","false","false","false",3,"true","true","false","false","false","false","false",-99999,999999,"rw","f"
"Support bar 1","BlisterCounting_1_SET_SupportBar1",14961,"Notiz",136,2076,"false","false","true","true","true","false","false","false","false","false","false","true","false","false","false","false",2064,"false","false","false","false","true","false","false","false","false","false","false","true","false","false","false","false",3,"true","true","false","false","false","false","false",-99999,999999,"rw","f"
"Support bar 2","BlisterCounting_1_SET_SupportBar2",14962,"Notiz",137,2076,"false","false","true","true","true","false","false","false","false","false","false","true","false","false","false","false",2064,"false","false","false","false","true","false","false","false","false","false","false","true","false","false","false","false",3,"true","true","false","false","false","false","false",-99999,999999,"rw","f"
"Support bar 3","BlisterCounting_1_SET_SupportBar3",14963,"Notiz",138,2076,"false","false","true","true","true","false","false","false","false","false","false","true","false","false","false","false",2064,"false","false","false","false","true","false","false","false","false","false","false","true","false","false","false","false",3,"true","true","false","false","false","false","false",-99999,999999,"rw","f"
"Support bar 4","BlisterCounting_1_SET_SupportBar4",14964,"Notiz",139,2076,"false","false","true","true","true","false","false","false","false","false","false","true","false","false","false","false",2064,"false","false","false","false","true","false","false","false","false","false","false","true","false","false","false","false",3,"true","true","false","false","false","false","false",-99999,999999,"rw","f"
"Support bar 5","BlisterCounting_1_SET_SupportBar5",14965,"Notiz",140,2076,"false","false","true","true","true","false","false","false","false","false","false","true","false","false","false","false",2064,"false","false","false","false","true","false","false","false","false","false","false","true","false","false","false","false",3,"true","true","false","false","false","false","false",-99999,999999,"rw","f"
"Support bar 6","BlisterCounting_1_SET_SupportBar6",14966,"Notiz",141,2076,"false","false","true","true","true","false","false","false","false","false","false","true","false","false","false","false",2064,"false","false","false","false","true","false","false","false","false","false","false","true","false","false","false","false",3,"true","true","false","false","false","false","false",-99999,999999,"rw","f"
"Support bar 7","BlisterCounting_1_SET_SupportBar7",14967,"Notiz",142,2076,"false","false","true","true","true","false","false","false","false","false","false","true","false","false","false","false",2064,"false","false","false","false","true","false","false","false","false","false","false","true","false","false","false","false",3,"true","true","false","false","false","false","false",-99999,999999,"rw","f"
"Support bar 8","BlisterCounting_1_SET_SupportBar8",14968,"Notiz",143,2076,"false","false","true","true","true","false","false","false","false","false","false","true","false","false","false","false",2064,"false","false","false","false","true","false","false","false","false","false","false","true","false","false","false","false",3,"true","true","false","false","false","false","false",-99999,999999,"rw","f"
"Support bar 9","BlisterCounting_1_SET_SupportBar9",14969,"Notiz",144,2076,"false","false","true","true","true","false","false","false","false","false","false","true","false","false","false","false",2064,"false","false","false","false","true","false","false","false","false","false","false","true","false","false","false","false",3,"true","true","false","false","false","false","false",-99999,999999,"rw","f"
"Support bar 10","BlisterCounting_1_SET_SupportBar10",14970,"Notiz",145,2076,"false","false","true","true","true","false","false","false","false","false","false","true","false","false","false","false",2064,"false","false","false","false","true","false","false","false","false","false","false","true","false","false","false","false",3,"true","true","false","false","false","false","false",-99999,999999,"rw","f"
"Speed accelerator belt","BlisterCounting_1_SET_Speed",21068,"Notiz",146,2076,"false","false","true","true","true","false","false","false","false","false","false","true","false","false","false","false",2064,"false","false","false","false","true","false","false","false","false","false","false","true","false","false","false","false",3,"true","true","false","false","false","false","false",-99999,999999,"rw","f"
"Accelerator belt height","BlisterCounting_1_SET_AcceleratorBeltHeight",13690,"Notiz",147,2076,"false","false","true","true","true","false","false","false","false","false","false","true","false","false","false","false",2064,"false","false","false","false","true","false","false","false","false","false","false","true","false","false","false","false",3,"true","true","false","false","false","false","false",-99999,999999,"rw","f"
"Blister crossfeed redundant magazine","RedundantMagazine_SET_Crossfeed",26785,"Notiz",149,2076,"false","false","true","true","true","false","false","false","false","false","false","true","false","false","false","false",2064,"false","false","false","false","true","false","false","false","false","false","false","true","false","false","false","false",3,"true","true","false","false","false","false","false",-99999,999999,"rw","f"

Product chain
"Switch Set product/leaflet clip chain","ProductChain_SWI_Adjust",13695,"Schalter",429,2072,"false","false","false","true","true","false","false","false","false","false","false","true","false","false","false","false",2072,"false","false","false","true","true","false","false","false","false","false","false","true","false","false","false","false",19,"true","true","false","false","true","false","false",-99999,999999,"rw","f"
"Cam lock leaflet gripper","ProductChain_CAM_Lock",11246,"Winkel",451,2072,"false","false","false","true","true","false","false","false","false","false","false","true","false","false","false","false",2064,"false","false","false","false","true","false","false","false","false","false","false","true","false","false","false","false",19,"true","true","false","false","true","false","false",0,99,"rw","f"
"Section lock leaflet gripper","ProductChain_CON_SEC_Lock",10356,"Config",21,2072,"false","false","false","true","true","false","false","false","false","false","false","true","false","false","false","false",2064,"false","false","false","false","true","false","false","false","false","false","false","true","false","false","false","false",19,"true","true","false","false","true","false","false",0,256,"rw","f"
"PRODUCT CHAIN","ProductChain_SET_H",12662,"Notiz",155,2076,"false","false","true","true","true","false","false","false","false","false","false","true","false","false","false","false",2064,"false","false","false","false","true","false","false","false","false","false","false","true","false","false","false","false",3,"true","true","false","false","false","false","false",-99999,999999,"w","f"
"Product chain width","ProductChain_SET_Width",12663,"Notiz",156,2076,"false","false","true","true","true","false","false","false","false","false","false","true","false","false","false","false",2064,"false","false","false","false","true","false","false","false","false","false","false","true","false","false","false","false",3,"true","true","false","false","false","false","false",-99999,999999,"rw","f"
"Cover guide product chain height","ProductChain_SET_CoverGuideHeight",24428,"Notiz",157,2076,"false","false","true","true","true","false","false","false","false","false","false","true","false","false","false","false",2064,"false","false","false","false","true","false","false","false","false","false","false","true","false","false","false","false",3,"true","true","false","false","false","false","false",-99999,999999,"rw","f"
"Center product loader","ProductChain_SET_CenterProdLoad",14279,"Notiz",158,2076,"false","false","true","true","true","false","false","false","false","false","false","true","false","false","false","false",2064,"false","false","false","false","true","false","false","false","false","false","false","true","false","false","false","false",3,"true","true","false","false","false","false","false",-99999,999999,"rw","f"
"Setting overfeed","ProductChain_SET_AdjOverfeed",14140,"Notiz",159,2076,"false","false","true","true","true","false","false","false","false","false","false","true","false","false","false","false",2064,"false","false","false","false","true","false","false","false","false","false","false","true","false","false","false","false",3,"true","true","false","false","false","false","false",-99999,999999,"rw","f"
"Setting product crossfeed","ProductChain_SET_ProdCrossFeed",14396,"Notiz",160,2076,"false","false","true","true","true","false","false","false","false","false","false","true","false","false","false","false",2064,"false","false","false","false","true","false","false","false","false","false","false","true","false","false","false","false",3,"true","true","false","false","false","false","false",-99999,999999,"rw","f"
"PRODUCT DETECTION","ProductMonitoring_Blister_SET_H",12506,"Notiz",152,2076,"false","false","true","true","true","false","false","false","false","false","false","true","false","false","false","false",2064,"false","false","false","false","true","false","false","false","false","false","false","true","false","false","false","false",3,"true","true","false","false","false","false","false",-99999,999999,"w","f"
"Product detection height","ProductMonitoring_Blister_SET_Height",12504,"Notiz",153,2076,"false","false","true","true","true","false","false","false","false","false","false","true","false","false","false","false",2064,"false","false","false","false","true","false","false","false","false","false","false","true","false","false","false","false",3,"true","true","false","false","false","false","false",-99999,999999,"rw","f"
"Star wheel","ProductMonitoring_Blister_SET_StarWheel",14256,"Notiz",154,2076,"false","false","true","true","true","false","false","false","false","false","false","true","false","false","false","false",2064,"false","false","false","false","true","false","false","false","false","false","false","true","false","false","false","false",3,"true","true","false","false","false","false","false",-99999,999999,"rw","f"

Carton chain
"Switch carton code","CodeCarton_SWI_Carton",12551,"Schalter",436,2072,"false","false","false","true","true","false","false","false","false","false","false","true","false","false","false","false",2064,"false","false","false","false","true","false","false","false","false","false","false","true","false","false","false","false",23,"true","true","true","false","true","false","false",-99999,999999,"rw","f"
"Cam carton detection","CartonChain_CAM_Detection",11085,"Winkel",452,2072,"false","false","false","true","true","false","false","false","false","false","false","true","false","false","false","false",2064,"false","false","false","false","true","false","false","false","false","false","false","true","false","false","false","false",19,"true","true","false","false","true","false","false",0,99,"rw","f"
"CARTON COVER RAIL","CartonChain_SET_H_CoverGuideRail",12146,"Notiz",161,2076,"false","false","true","true","true","false","false","false","false","false","false","true","false","false","false","false",2064,"false","false","false","false","true","false","false","false","false","false","false","true","false","false","false","false",3,"true","true","false","false","false","false","false",-99999,999999,"w","f"
"Carton cover rail height","CartonChain_SET_CoverRailHeight",12623,"Notiz",162,2076,"false","false","true","true","true","false","false","false","false","false","false","true","false","false","false","false",2064,"false","false","false","false","true","false","false","false","false","false","false","true","false","false","false","false",3,"true","true","false","false","false","false","false",-99999,999999,"rw","f"
"CARTON CHAIN","CartonChain_SET_H",12149,"Notiz",163,2076,"false","false","true","true","true","false","false","false","false","false","false","true","false","false","false","false",2064,"false","false","false","false","true","false","false","false","false","false","false","true","false","false","false","false",3,"true","true","false","false","false","false","false",-99999,999999,"w","f"
"Carton length","CartonChain_SET_CartonLength",12624,"Notiz",164,2076,"false","false","true","true","true","false","false","false","false","false","false","true","false","false","false","false",2064,"false","false","false","false","true","false","false","false","false","false","false","true","false","false","false","false",3,"true","true","false","false","false","false","false",-99999,999999,"rw","f"
"Carton width","CartonChain_SET_CartonWidth",12177,"Notiz",165,2076,"false","false","true","true","true","false","false","false","false","false","false","true","false","false","false","false",2064,"false","false","false","false","true","false","false","false","false","false","false","true","false","false","false","false",3,"true","true","false","false","false","false","false",-99999,999999,"rw","f"
"Side guide height","CartonChain_SET_SideGuideHeight",12633,"Notiz",166,2076,"false","false","true","true","true","false","false","false","false","false","false","true","false","false","false","false",2064,"false","false","false","false","true","false","false","false","false","false","false","true","false","false","false","false",3,"true","true","false","false","false","false","false",-99999,999999,"rw","f"
"Additional lateral guide","CartonChain_SET_AddSideGuide",11037,"Notiz",167,2076,"false","false","true","true","true","false","false","false","false","false","false","true","false","false","false","false",2064,"false","false","false","false","true","false","false","false","false","false","false","true","false","false","false","false",3,"true","true","false","false","false","false","false",-99999,999999,"rw","f"
"Additional side flap tucker","CartonChain_SET_AddTucker",11036,"Notiz",168,2076,"false","false","true","true","true","false","false","false","false","false","false","true","false","false","false","false",2064,"false","false","false","false","true","false","false","false","false","false","false","true","false","false","false","false",3,"true","true","false","false","false","false","false",-99999,999999,"rw","f"
"Reject gate","CartonChain_SET_RejectGate",11041,"Notiz",169,2076,"false","false","true","true","true","false","false","false","false","false","false","true","false","false","false","false",2064,"false","false","false","false","true","false","false","false","false","false","false","true","false","false","false","false",3,"true","true","false","false","false","false","false",-99999,999999,"rw","f"

Slide feeder 1
"Switch slidefeeder","SlideFeeder_1_SWI_On",11064,"Schalter",430,2064,"false","false","false","false","true","false","false","false","false","false","false","true","false","false","false","false",2064,"false","false","false","false","true","false","false","false","false","false","false","true","false","false","false","false",19,"true","true","false","false","true","false","false",-99999,999999,"rw","f"
"Reference run servo drives","BlisterCounting_1_SWI_StartRefRun",15729,"Schalter",427,2076,"false","false","true","true","true","false","false","false","false","false","false","true","false","false","false","false",2076,"false","false","true","true","true","false","false","false","false","false","false","true","false","false","false","false",18,"false","true","false","false","true","false","false",-99999,999999,"rw",
"Cam slide feeder","SlideFeeder_1_CAM_SlideFeeder",10160,"Winkel",454,2072,"false","false","false","true","true","false","false","false","false","false","false","true","false","false","false","false",2064,"false","false","false","false","true","false","false","false","false","false","false","true","false","false","false","false",19,"true","true","false","false","true","false","false",0,99,"rw","f"
"Cam slidefeeder detection","SlideFeeder_1_CAM_Detection",12344,"Winkel",453,2072,"false","false","false","true","true","false","false","false","false","false","false","true","false","false","false","false",2064,"false","false","false","false","true","false","false","false","false","false","false","true","false","false","false","false",19,"true","true","false","false","true","false","false",0,99,"rw","f"
"Section slidefeeder transfer","SlideFeeder_1_CON_SEC_PickOff",10359,"Config",22,2072,"false","false","false","true","true","false","false","false","false","false","false","true","false","false","false","false",2064,"false","false","false","false","true","false","false","false","false","false","false","true","false","false","false","false",19,"true","true","false","false","true","false","false",0,256,"rw","f"
"Section slidefeeder detection","SlideFeeder_1_CON_SEC_Detection",10360,"Config",23,2072,"false","false","false","true","true","false","false","false","false","false","false","true","false","false","false","false",2064,"false","false","false","false","true","false","false","false","false","false","false","true","false","false","false","false",19,"true","true","false","false","true","false","false",0,256,"rw","f"
"Serial error slidefeeder","SlideFeeder_1__CON_SerialError",10336,"Config",25,2072,"false","false","false","true","true","false","false","false","false","false","false","true","false","false","false","false",2064,"false","false","false","false","true","false","false","false","false","false","false","true","false","false","false","false",19,"true","true","false","false","true","false","false",0,99,"w","f"
"SLIDE-FEEDER 1","SlideFeeder_1_SET_H",12158,"Notiz",170,2072,"false","false","false","true","true","false","false","false","false","false","false","true","false","false","false","false",2064,"false","false","false","false","true","false","false","false","false","false","false","true","false","false","false","false",3,"true","true","false","false","false","false","false",-99999,999999,"w","f"
"Slide","SlideFeeder_1_SET_Slider",13418,"Notiz",171,2072,"false","false","false","true","true","false","false","false","false","false","false","true","false","false","false","false",2064,"false","false","false","false","true","false","false","false","false","false","false","true","false","false","false","false",3,"true","true","false","false","false","false","false",-99999,999999,"rw","f"
"Support bars","SlideFeeder_1_SET_SupportBars",13421,"Notiz",172,2072,"false","false","false","true","true","false","false","false","false","false","false","true","false","false","false","false",2064,"false","false","false","false","true","false","false","false","false","false","false","true","false","false","false","false",3,"true","true","false","false","false","false","false",-99999,999999,"rw","f"
"Magazine","SlideFeeder_1_SET_Magazine",13422,"Notiz",173,2072,"false","false","false","true","true","false","false","false","false","false","false","true","false","false","false","false",2064,"false","false","false","false","true","false","false","false","false","false","false","true","false","false","false","false",3,"true","true","false","false","false","false","false",-99999,999999,"rw","f"
"Insert thickness","SlideFeeder_1_SET_InsertThickness",12210,"Notiz",174,2072,"false","false","false","true","true","false","false","false","false","false","false","true","false","false","false","false",2064,"false","false","false","false","true","false","false","false","false","false","false","true","false","false","false","false",3,"true","true","false","false","false","false","false",-99999,999999,"rw","f"
"Insert length","SlideFeeder_1_SET_InsertLength",14364,"Notiz",175,2072,"false","false","false","true","true","false","false","false","false","false","false","true","false","false","false","false",2064,"false","false","false","false","true","false","false","false","false","false","false","true","false","false","false","false",3,"true","true","false","false","false","false","false",-99999,999999,"rw","f"
"Insert width","SlideFeeder_1_SET_InsertWith",14365,"Notiz",176,2072,"false","false","false","true","true","false","false","false","false","false","false","true","false","false","false","false",2064,"false","false","false","false","true","false","false","false","false","false","false","true","false","false","false","false",3,"true","true","false","false","false","false","false",-99999,999999,"rw","f"
"Guide bar left length","SlideFeeder_1_SET_GuideBarLeftLength",12160,"Notiz",177,2072,"false","false","false","true","true","false","false","false","false","false","false","true","false","false","false","false",2064,"false","false","false","false","true","false","false","false","false","false","false","true","false","false","false","false",3,"true","true","false","false","false","false","false",-99999,999999,"rw","f"
"Clamping cylinder","SlideFeeder_1_SET_ClampCylinder",14371,"Notiz",178,2072,"false","false","false","true","true","false","false","false","false","false","false","true","false","false","false","false",2064,"false","false","false","false","true","false","false","false","false","false","false","true","false","false","false","false",3,"true","true","false","false","false","false","false",-99999,999999,"rw","f"
"Height of cover guide","SlideFeeder_1_SET_CoverGuideHeight",17809,"Notiz",179,2072,"false","false","false","true","true","false","false","false","false","false","false","true","false","false","false","false",2064,"false","false","false","false","true","false","false","false","false","false","false","true","false","false","false","false",3,"true","true","false","false","false","false","false",-99999,999999,"rw","f"

Leaflet feeding
"Switch Leaflet","LFR_RS_21_850_SWI_Leaflet",11063,"Schalter",431,2072,"false","false","false","true","true","false","false","false","false","false","false","true","false","false","false","false",2076,"false","false","true","true","true","false","false","false","false","false","false","true","false","false","false","false",19,"true","true","false","false","true","false","false",-99999,999999,"rw","f"
"Switch Leaflet length measuring","LFR_RS_21_850_SWI_LeafletLengthControl",15493,"Schalter",432,2072,"false","false","false","true","true","false","false","false","false","false","false","true","false","false","false","false",32768,"false","false","false","false","false","false","false","false","false","false","false","false","false","false","false","true",19,"true","true","false","false","true","false","false",-99999,999999,"rw","f"
"Switch leaflet code 1","CodeLeafUnderside_SWI_Leaflet",12552,"Schalter",433,2072,"false","false","false","true","true","false","false","false","false","false","false","true","false","false","false","false",2064,"false","false","false","false","true","false","false","false","false","false","false","true","false","false","false","false",23,"true","true","true","false","true","false","false",-99999,999999,"rw","f"
"Cam leaflet feeder","LFR_RS_21_850_CAM_PickOff",11079,"Winkel",455,2072,"false","false","false","true","true","false","false","false","false","false","false","true","false","false","false","false",2064,"false","false","false","false","true","false","false","false","false","false","false","true","false","false","false","false",19,"true","true","false","false","true","false","false",0,99,"rw","f"
"Cam leaflet detection","LFR_RS_21_850_CAM_Detection",10159,"Winkel",456,2072,"false","false","false","true","true","false","false","false","false","false","false","true","false","false","false","false",2064,"false","false","false","false","true","false","false","false","false","false","false","true","false","false","false","false",19,"true","true","false","false","true","false","false",0,99,"rw","f"
"Cam lock leaflet gripper","ProductChain_CAM_Lock",11246,"Winkel",451,2072,"false","false","false","true","true","false","false","false","false","false","false","true","false","false","false","false",2064,"false","false","false","false","true","false","false","false","false","false","false","true","false","false","false","false",19,"true","true","false","false","true","false","false",0,99,"rw","f"
"Cam leaflet pre-insertion","LeafletPreInsertion_CAM_SeparatingRail",11086,"Winkel",463,2072,"false","false","false","true","true","false","false","false","false","false","false","true","false","false","false","false",2064,"false","false","false","false","true","false","false","false","false","false","false","true","false","false","false","false",19,"true","true","false","false","true","false","false",0,99,"rw","f"
"Section leaflet pick-off","LFR_RS_21_850_CON_SEC_PickOff",10354,"Config",26,2072,"false","false","false","true","true","false","false","false","false","false","false","true","false","false","false","false",2064,"false","false","false","false","true","false","false","false","false","false","false","true","false","false","false","false",19,"true","true","false","false","true","false","false",0,256,"rw","f"
"Section Splice detection","SpliceDetectionLeafletReel_CON_SEC_Splice",10362,"Config",32,2072,"false","false","false","true","true","false","false","false","false","false","false","true","false","false","false","false",2064,"false","false","false","false","true","false","false","false","false","false","false","true","false","false","false","false",19,"true","true","false","false","true","false","false",0,256,"rw","f"
"Section leaflet detection","LFR_RS_21_850_CON_SEC_Detection",10355,"Config",27,2072,"false","false","false","true","true","false","false","false","false","false","false","true","false","false","false","false",2064,"false","false","false","false","true","false","false","false","false","false","false","true","false","false","false","false",19,"true","true","false","false","true","false","false",0,256,"rw","f"
"Section leaflet pre-insertion separating rail","LeafletPreInsertion_CON_SEC_LeafletSeparatingRail",10368,"Config",48,2072,"false","false","false","true","true","false","false","false","false","false","false","true","false","false","false","false",2064,"false","false","false","false","true","false","false","false","false","false","false","true","false","false","false","false",19,"true","true","false","false","true","false","false",0,256,"rw","f"
"Section lock leaflet gripper","ProductChain_CON_SEC_Lock",10356,"Config",21,2072,"false","false","false","true","true","false","false","false","false","false","false","true","false","false","false","false",2064,"false","false","false","false","true","false","false","false","false","false","false","true","false","false","false","false",19,"true","true","false","false","true","false","false",0,256,"rw","f"
"Serial error leaflet","LFR_RS_21_850_CON_SerialError",10334,"Config",28,2072,"false","false","false","true","true","false","false","false","false","false","false","true","false","false","false","false",2064,"false","false","false","false","true","false","false","false","false","false","false","true","false","false","false","false",19,"true","true","false","false","true","false","false",0,99,"w","f"
"Serial error leaflet length measuring","LFR_RS_21_850_CON_SerialErrorLengthMon",15492,"Config",29,2072,"false","false","false","true","true","false","false","false","false","false","false","true","false","false","false","false",2064,"false","false","false","false","true","false","false","false","false","false","false","true","false","false","false","false",19,"true","true","false","false","true","false","false",0,99,"w","f"
"Serial error Splice detection","SpliceDetectionLeafletReel_CON_CNT_SerErrSplice",10647,"Config",33,2072,"false","false","false","true","true","false","false","false","false","false","false","true","false","false","false","false",2064,"false","false","false","false","true","false","false","false","false","false","false","true","false","false","false","false",19,"true","true","false","false","true","false","false",0,99,"w","f"
"LEAFLET FOLDER","LeafletFeeder_SET_H_LEAFLETFOLDER",12156,"Notiz",180,2076,"false","false","true","true","true","false","false","false","false","false","false","true","false","false","false","false",2064,"false","false","false","false","true","false","false","false","false","false","false","true","false","false","false","false",3,"true","true","false","false","false","false","false",-99999,999999,"w","f"
"Position leaflet roll","LeafletFeeder_SET_PosLeafRoll",14934,"Notiz",181,2076,"false","false","true","true","true","false","false","false","false","false","false","true","false","false","false","false",2064,"false","false","false","false","true","false","false","false","false","false","false","true","false","false","false","false",3,"true","true","false","false","false","false","false",-99999,999999,"rw","f"
"Leaflet length","LeafletFeeder_SET_Length",11195,"Notiz",182,2076,"false","false","true","true","true","false","false","false","false","false","false","true","false","false","false","false",2064,"false","false","false","false","true","false","false","false","false","false","false","true","false","false","false","false",3,"true","true","false","false","false","false","false",-99999,999999,"rw","f"
"Leaflet width","LeafletFeeder_SET_Width",12507,"Notiz",183,2076,"false","false","true","true","true","false","false","false","false","false","false","true","false","false","false","false",2064,"false","false","false","false","true","false","false","false","false","false","false","true","false","false","false","false",3,"true","true","false","false","false","false","false",-99999,999999,"rw","f"
"Leaflet width left","LeafletFeeder_SET_WidthLeft",11196,"Notiz",184,2076,"false","false","true","true","true","false","false","false","false","false","false","true","false","false","false","false",2064,"false","false","false","false","true","false","false","false","false","false","false","true","false","false","false","false",3,"true","true","false","false","false","false","false",-99999,999999,"rw","f"
"Leaflet width right","LeafletFeeder_SET_WidthRight",12205,"Notiz",185,2076,"false","false","true","true","true","false","false","false","false","false","false","true","false","false","false","false",2064,"false","false","false","false","true","false","false","false","false","false","false","true","false","false","false","false",3,"true","true","false","false","false","false","false",-99999,999999,"rw","f"
"Fold pocket 1","LeafletFeeder_SET_FoldPocket1",11198,"Notiz",186,2076,"false","false","true","true","true","false","false","false","false","false","false","true","false","false","false","false",2064,"false","false","false","false","true","false","false","false","false","false","false","true","false","false","false","false",3,"true","true","false","false","false","false","false",-99999,999999,"rw","f"
"Fold pocket 2","LeafletFeeder_SET_FoldPocket2",11199,"Notiz",187,2076,"false","false","true","true","true","false","false","false","false","false","false","true","false","false","false","false",2064,"false","false","false","false","true","false","false","false","false","false","false","true","false","false","false","false",3,"true","true","false","false","false","false","false",-99999,999999,"rw","f"
"Fold pocket 3","LeafletFeeder_SET_FoldPocket3",11200,"Notiz",188,2076,"false","false","true","true","true","false","false","false","false","false","false","true","false","false","false","false",2064,"false","false","false","false","true","false","false","false","false","false","false","true","false","false","false","false",3,"true","true","false","false","false","false","false",-99999,999999,"rw","f"
"Fold pocket 4","LeafletFeeder_SET_FoldPocket4",11201,"Notiz",189,2076,"false","false","true","true","true","false","false","false","false","false","false","true","false","false","false","false",2064,"false","false","false","false","true","false","false","false","false","false","false","true","false","false","false","false",3,"true","true","false","false","false","false","false",-99999,999999,"rw","f"
"Fold pocket 5","LeafletFeeder_SET_FoldPocket5",14821,"Notiz",190,2076,"false","false","true","true","true","false","false","false","false","false","false","true","false","false","false","false",2064,"false","false","false","false","true","false","false","false","false","false","false","true","false","false","false","false",3,"true","true","false","false","false","false","false",-99999,999999,"rw","f"
"Fold pocket 6","LeafletFeeder_SET_FoldPocket6",14822,"Notiz",191,2076,"false","false","true","true","true","false","false","false","false","false","false","true","false","false","false","false",2064,"false","false","false","false","true","false","false","false","false","false","false","true","false","false","false","false",3,"true","true","false","false","false","false","false",-99999,999999,"rw","f"
"Gear position  folder","LeafletFeeder_SET_GearPos",12709,"Notiz",192,2076,"false","false","true","true","true","false","false","false","false","false","false","true","false","false","false","false",2064,"false","false","false","false","true","false","false","false","false","false","false","true","false","false","false","false",3,"true","true","false","false","false","false","false",-99999,999999,"rw","f"
"Draw-off roller","LeafletFeeder_SET_DrawOffRoller",12176,"Notiz",193,2076,"false","false","true","true","true","false","false","false","false","false","false","true","false","false","false","false",2064,"false","false","false","false","true","false","false","false","false","false","false","true","false","false","false","false",3,"true","true","false","false","false","false","false",-99999,999999,"rw","f"
"Compressed air leaflet","LeafletFeeder_SET_CompressedAir",12170,"Notiz",194,2076,"false","false","true","true","true","false","false","false","false","false","false","true","false","false","false","false",2064,"false","false","false","false","true","false","false","false","false","false","false","true","false","false","false","false",3,"true","true","false","false","false","false","false",-99999,999999,"rw","f"
"compressed air leaflet stack","LeafletFeeder_SET_CompressedAirStack",17592,"Notiz",195,2076,"false","false","true","true","true","false","false","false","false","false","false","true","false","false","false","false",2064,"false","false","false","false","true","false","false","false","false","false","false","true","false","false","false","false",3,"true","true","false","false","false","false","false",-99999,999999,"rw","f"
"compressed air leaflet table","LeafletFeeder_SET_CompressedAirTable",17593,"Notiz",196,2076,"false","false","true","true","true","false","false","false","false","false","false","true","false","false","false","false",2064,"false","false","false","false","true","false","false","false","false","false","false","true","false","false","false","false",3,"true","true","false","false","false","false","false",-99999,999999,"rw","f"
"Opening cam leaflet gripper","LeafletFeeder_SET_OpenCamLeafGripper",12329,"Notiz",197,2076,"false","false","true","true","true","false","false","false","false","false","false","true","false","false","false","false",2064,"false","false","false","false","true","false","false","false","false","false","false","true","false","false","false","false",3,"true","true","false","false","false","false","false",-99999,999999,"rw","f"
"Cam leaflet stopper rat.1:1","LeafletFeeder_SET_CamLeafStopRatio11",14112,"Notiz",198,2076,"false","false","true","true","true","false","false","false","false","false","false","true","false","false","false","false",2064,"false","false","false","false","true","false","false","false","false","false","false","true","false","false","false","false",3,"true","true","false","false","false","false","false",-99999,999999,"rw","f"
"Cam leaflet stopper rat.2:1","LeafletFeeder_SET_CamLeafStopRatio21",14113,"Notiz",199,2076,"false","false","true","true","true","false","false","false","false","false","false","true","false","false","false","false",2064,"false","false","false","false","true","false","false","false","false","false","false","true","false","false","false","false",3,"true","true","false","false","false","false","false",-99999,999999,"rw","f"
"Fold roll distance 1","LeafletFeeder_SET_FoldRollDistance1",15801,"Notiz",200,2076,"false","false","true","true","true","false","false","false","false","false","false","true","false","false","false","false",2064,"false","false","false","false","true","false","false","false","false","false","false","true","false","false","false","false",3,"true","true","false","false","false","false","false",-99999,999999,"rw","f"
"Fold roll distance 2","LeafletFeeder_SET_FoldRollDistance2",15802,"Notiz",201,2076,"false","false","true","true","true","false","false","false","false","false","false","true","false","false","false","false",2064,"false","false","false","false","true","false","false","false","false","false","false","true","false","false","false","false",3,"true","true","false","false","false","false","false",-99999,999999,"rw","f"
"Fold roll distance 3","LeafletFeeder_SET_FoldRollDistance3",15803,"Notiz",202,2076,"false","false","true","true","true","false","false","false","false","false","false","true","false","false","false","false",2064,"false","false","false","false","true","false","false","false","false","false","false","true","false","false","false","false",3,"true","true","false","false","false","false","false",-99999,999999,"rw","f"
"Fold roll distance 4","LeafletFeeder_SET_FoldRollDistance4",15804,"Notiz",203,2076,"false","false","true","true","true","false","false","false","false","false","false","true","false","false","false","false",2064,"false","false","false","false","true","false","false","false","false","false","false","true","false","false","false","false",3,"true","true","false","false","false","false","false",-99999,999999,"rw","f"
"Fold roll distance 5","LeafletFeeder_SET_FoldRollDistance5",15805,"Notiz",204,2076,"false","false","true","true","true","false","false","false","false","false","false","true","false","false","false","false",2064,"false","false","false","false","true","false","false","false","false","false","false","true","false","false","false","false",3,"true","true","false","false","false","false","false",-99999,999999,"rw","f"
"Fold roll distance 6","LeafletFeeder_SET_FoldRollDistance6",15806,"Notiz",205,2076,"false","false","true","true","true","false","false","false","false","false","false","true","false","false","false","false",2064,"false","false","false","false","true","false","false","false","false","false","false","true","false","false","false","false",3,"true","true","false","false","false","false","false",-99999,999999,"rw","f"
"Fold roll distance 7","LeafletFeeder_SET_FoldRollDistance7",15807,"Notiz",206,2076,"false","false","true","true","true","false","false","false","false","false","false","true","false","false","false","false",2064,"false","false","false","false","true","false","false","false","false","false","false","true","false","false","false","false",3,"true","true","false","false","false","false","false",-99999,999999,"rw","f"
"Fold roll distance 8","LeafletFeeder_SET_FoldRollDistance8",15808,"Notiz",207,2076,"false","false","true","true","true","false","false","false","false","false","false","true","false","false","false","false",2064,"false","false","false","false","true","false","false","false","false","false","false","true","false","false","false","false",3,"true","true","false","false","false","false","false",-99999,999999,"rw","f"
"Fold roll distance 9","LeafletFeeder_SET_FoldRollDistance9",15809,"Notiz",208,2076,"false","false","true","true","true","false","false","false","false","false","false","true","false","false","false","false",2064,"false","false","false","false","true","false","false","false","false","false","false","true","false","false","false","false",3,"true","true","false","false","false","false","false",-99999,999999,"rw","f"
"Fold roll distance 10","LeafletFeeder_SET_FoldRollDistance10",15810,"Notiz",209,2076,"false","false","true","true","true","false","false","false","false","false","false","true","false","false","false","false",2064,"false","false","false","false","true","false","false","false","false","false","false","true","false","false","false","false",3,"true","true","false","false","false","false","false",-99999,999999,"rw","f"
"Fold roll distance 11","LeafletFeeder_SET_FoldRollDistance11",15811,"Notiz",210,2076,"false","false","true","true","true","false","false","false","false","false","false","true","false","false","false","false",2064,"false","false","false","false","true","false","false","false","false","false","false","true","false","false","false","false",3,"true","true","false","false","false","false","false",-99999,999999,"rw","f"
"Fold roll distance 12","LeafletFeeder_SET_FoldRollDistance12",15812,"Notiz",211,2076,"false","false","true","true","true","false","false","false","false","false","false","true","false","false","false","false",2064,"false","false","false","false","true","false","false","false","false","false","false","true","false","false","false","false",3,"true","true","false","false","false","false","false",-99999,999999,"rw","f"
"Fold roll distance 13","LeafletFeeder_SET_FoldRollDistance13",26755,"Notiz",212,2076,"false","false","true","true","true","false","false","false","false","false","false","true","false","false","false","false",2064,"false","false","false","false","true","false","false","false","false","false","false","true","false","false","false","false",3,"true","true","false","false","false","false","false",-99999,999999,"rw","f"
"Fold roll distance 14","LeafletFeeder_SET_FoldRollDistance14",26756,"Notiz",213,2076,"false","false","true","true","true","false","false","false","false","false","false","true","false","false","false","false",2064,"false","false","false","false","true","false","false","false","false","false","false","true","false","false","false","false",3,"true","true","false","false","false","false","false",-99999,999999,"rw","f"
"Fold roll distance 15","LeafletFeeder_SET_FoldRollDistance15",26757,"Notiz",214,2076,"false","false","true","true","true","false","false","false","false","false","false","true","false","false","false","false",2064,"false","false","false","false","true","false","false","false","false","false","false","true","false","false","false","false",3,"true","true","false","false","false","false","false",-99999,999999,"rw","f"
"Fold roll distance 16","LeafletFeeder_SET_FoldRollDistance16",26758,"Notiz",215,2076,"false","false","true","true","true","false","false","false","false","false","false","true","false","false","false","false",2064,"false","false","false","false","true","false","false","false","false","false","false","true","false","false","false","false",3,"true","true","false","false","false","false","false",-99999,999999,"rw","f"
"Print mark height","LeafletFeeder_SET_PrintMarkHeight",13581,"Notiz",216,2076,"false","false","true","true","true","false","false","false","false","false","false","true","false","false","false","false",2064,"false","false","false","false","true","false","false","false","false","false","false","true","false","false","false","false",3,"true","true","false","false","false","false","false",-99999,999999,"rw","f"
"Print mark length","LeafletFeeder_SET_PrintMarkLength",14394,"Notiz",217,2076,"false","false","true","true","true","false","false","false","false","false","false","true","false","false","false","false",2064,"false","false","false","false","true","false","false","false","false","false","false","true","false","false","false","false",3,"true","true","false","false","false","false","false",-99999,999999,"rw","f"
"Print mark width","LeafletFeeder_SET_PrintMarkWidth",14395,"Notiz",218,2076,"false","false","true","true","true","false","false","false","false","false","false","true","false","false","false","false",2064,"false","false","false","false","true","false","false","false","false","false","false","true","false","false","false","false",3,"true","true","false","false","false","false","false",-99999,999999,"rw","f"
"Print present monitoring leaflet height","LeafletFeeder_SET_PrintPresentMonLeafletHeight",21716,"Notiz",219,2076,"false","false","true","true","true","false","false","false","false","false","false","true","false","false","false","false",2064,"false","false","false","false","true","false","false","false","false","false","false","true","false","false","false","false",3,"true","true","false","false","false","false","false",-99999,999999,"rw","f"
"Print present monitoring leaflet length","LeafletFeeder_SET_PrintPresentMonLeafletLength",21717,"Notiz",220,2076,"false","false","true","true","true","false","false","false","false","false","false","true","false","false","false","false",2064,"false","false","false","false","true","false","false","false","false","false","false","true","false","false","false","false",3,"true","true","false","false","false","false","false",-99999,999999,"rw","f"
"LEAFLET BUFFER","LeafletFeeder_SET_H_LEAFLETBUFFER",15871,"Notiz",221,2076,"false","false","true","true","true","false","false","false","false","false","false","true","false","false","false","false",2064,"false","false","false","false","true","false","false","false","false","false","false","true","false","false","false","false",3,"true","true","false","false","false","false","false",-99999,999999,"w","f"
"Leaflet buffer width","LeafletFeeder_SET_LeafletBufferWidth",16159,"Notiz",222,2076,"false","false","true","true","true","false","false","false","false","false","false","true","false","false","false","false",2064,"false","false","false","false","true","false","false","false","false","false","false","true","false","false","false","false",3,"true","true","false","false","false","false","false",-99999,999999,"rw","f"
"Transverse setting leaflet buffer","LeafletFeeder_SET_TransverseSetting",16160,"Notiz",223,2076,"false","false","true","true","true","false","false","false","false","false","false","true","false","false","false","false",2064,"false","false","false","false","true","false","false","false","false","false","false","true","false","false","false","false",3,"true","true","false","false","false","false","false",-99999,999999,"rw","f"
"Leaflet support plate","LeafletFeeder_SET_SupportPlate",16163,"Notiz",224,2076,"false","false","true","true","true","false","false","false","false","false","false","true","false","false","false","false",2064,"false","false","false","false","true","false","false","false","false","false","false","true","false","false","false","false",3,"true","true","false","false","false","false","false",-99999,999999,"rw","f"
"Lateral web control","LeafletFeeder_SET_WebControl",21392,"Notiz",225,2076,"false","false","true","true","true","false","false","false","false","false","false","true","false","false","false","false",2064,"false","false","false","false","true","false","false","false","false","false","false","true","false","false","false","false",3,"true","true","false","false","false","false","false",-99999,999999,"rw","f"
"LEAFLET FEEDER","LeafletFeeder_SET_H_LEAFLETFEEDER",21820,"Notiz",226,2076,"false","false","true","true","true","false","false","false","false","false","false","true","false","false","false","false",2064,"false","false","false","false","true","false","false","false","false","false","false","true","false","false","false","false",3,"true","true","false","false","false","false","false",-99999,999999,"w","f"
"Cover guide height","LeafletFeeder_SET_CoverGuideHeight",22138,"Notiz",227,2076,"false","false","true","true","true","false","false","false","false","false","false","true","false","false","false","false",2064,"false","false","false","false","true","false","false","false","false","false","false","true","false","false","false","false",3,"true","true","false","false","false","false","false",-99999,999999,"rw","f"
"Position reversing roller","LeafletFeeder_SET_PositionReversingRoller",24176,"Notiz",228,2076,"false","false","true","true","true","false","false","false","false","false","false","true","false","false","false","false",2064,"false","false","false","false","true","false","false","false","false","false","false","true","false","false","false","false",3,"true","true","false","false","false","false","false",-99999,999999,"rw","f"
"Position pressure roller","LeafletFeeder_SET_PositionPressureRoller",24177,"Notiz",229,2076,"false","false","true","true","true","false","false","false","false","false","false","true","false","false","false","false",2064,"false","false","false","false","true","false","false","false","false","false","false","true","false","false","false","false",3,"true","true","false","false","false","false","false",-99999,999999,"rw","f"
"Program number leaflet folder","LeafletFeeder_SET_ProgramNrLeafletFolder",24539,"Notiz",230,2076,"false","false","true","true","true","false","false","false","false","false","false","true","false","false","false","false",2064,"false","false","false","false","true","false","false","false","false","false","false","true","false","false","false","false",3,"true","true","false","false","false","false","false",-99999,999999,"rw","f"
"Leaflet height left","LeafletFeeder_SET_LeafletHeightLeft",15291,"Notiz",231,2076,"false","false","true","true","true","false","false","false","false","false","false","true","false","false","false","false",2064,"false","false","false","false","true","false","false","false","false","false","false","true","false","false","false","false",3,"true","true","false","false","false","false","false",-99999,999999,"rw","f"
"Leaflet height right","LeafletFeeder_SET_LeafletHeightRight",15292,"Notiz",232,2076,"false","false","true","true","true","false","false","false","false","false","false","true","false","false","false","false",2064,"false","false","false","false","true","false","false","false","false","false","false","true","false","false","false","false",3,"true","true","false","false","false","false","false",-99999,999999,"rw","f"
"SPLICE DETECTION","SpliceDetection_SET_H",28692,"Notiz",233,2076,"false","false","true","true","true","false","false","false","false","false","false","true","false","false","false","false",2064,"false","false","false","false","true","false","false","false","false","false","false","true","false","false","false","false",3,"true","true","false","false","false","false","false",-99999,999999,"w","f"
"Position splice detection","SpliceDetection_SET_Pos",28693,"Notiz",234,2076,"false","false","true","true","true","false","false","false","false","false","false","true","false","false","false","false",2064,"false","false","false","false","true","false","false","false","false","false","false","true","false","false","false","false",3,"true","true","false","false","false","false","false",-99999,999999,"rw","f"

Carton feeder
"Switch Carton","CartonFeeder_SWI_Carton",11070,"Schalter",434,2072,"false","false","false","true","true","false","false","false","false","false","false","true","false","false","false","false",2076,"false","false","true","true","true","false","false","false","false","false","false","true","false","false","false","false",19,"true","true","false","false","true","false","false",-99999,999999,"rw","f"
"Switch Carton sideflap opener","OpenCartonSideflap_SWI_On",17253,"Schalter",435,2064,"false","false","false","false","true","false","false","false","false","false","false","true","false","false","false","false",2064,"false","false","false","false","true","false","false","false","false","false","false","true","false","false","false","false",19,"true","true","false","false","true","false","false",-99999,999999,"rw","f"
"Cam carton pick-off","CartonFeeder_CAM_PickOff",10154,"Winkel",458,2072,"false","false","false","true","true","false","false","false","false","false","false","true","false","false","false","false",2064,"false","false","false","false","true","false","false","false","false","false","false","true","false","false","false","false",19,"true","true","false","false","true","false","false",0,99,"rw","f"
"Cam carton detection","CartonChain_CAM_Detection",11085,"Winkel",452,2072,"false","false","false","true","true","false","false","false","false","false","false","true","false","false","false","false",2064,"false","false","false","false","true","false","false","false","false","false","false","true","false","false","false","false",19,"true","true","false","false","true","false","false",0,99,"rw","f"
"Cam carton aligner","CartonFeeder_CAM_Aligner",11175,"Winkel",459,2072,"false","false","false","true","true","false","false","false","false","false","false","true","false","false","false","false",2064,"false","false","false","false","true","false","false","false","false","false","false","true","false","false","false","false",19,"true","true","false","false","true","false","false",0,99,"rw","f"
"Cam carton sideflap opener","OpenCartonSideflap_CAM_Open",17256,"Winkel",460,2064,"false","false","false","false","true","false","false","false","false","false","false","true","false","false","false","false",2064,"false","false","false","false","true","false","false","false","false","false","false","true","false","false","false","false",19,"true","true","false","false","true","false","false",0,99,"rw","f"
"Section carton pick-off","CartonFeeder_CON_SEC_PickOff",10357,"Config",38,2072,"false","false","false","true","true","false","false","false","false","false","false","true","false","false","false","false",2064,"false","false","false","false","true","false","false","false","false","false","false","true","false","false","false","false",19,"true","true","false","false","true","false","false",0,256,"rw","f"
"Section carton detection","CartonFeeder_CON_SEC_Detection",10367,"Config",39,2072,"false","false","false","true","true","false","false","false","false","false","false","true","false","false","false","false",2064,"false","false","false","false","true","false","false","false","false","false","false","true","false","false","false","false",19,"true","true","false","false","true","false","false",0,256,"rw","f"
"Serial error carton","CartonFeeder_CON_SerialError",10335,"Config",40,2072,"false","false","false","true","true","false","false","false","false","false","false","true","false","false","false","false",2064,"false","false","false","false","true","false","false","false","false","false","false","true","false","false","false","false",19,"true","true","false","false","true","false","false",0,99,"w","f"
"CARTON FEEDER","CartonFeeder_SET_H",12145,"Notiz",246,2076,"false","false","true","true","true","false","false","false","false","false","false","true","false","false","false","false",2064,"false","false","false","false","true","false","false","false","false","false","false","true","false","false","false","false",3,"true","true","false","false","false","false","false",-99999,999999,"w","f"
"Carton feeder height","CartonFeeder_SET_Height",12492,"Notiz",247,2076,"false","false","true","true","true","false","false","false","false","false","false","true","false","false","false","false",2064,"false","false","false","false","true","false","false","false","false","false","false","true","false","false","false","false",3,"true","true","false","false","false","false","false",-99999,999999,"rw","f"
"Sucker arm","CartonFeeder_SET_SuckerArm",12493,"Notiz",248,2076,"false","false","true","true","true","false","false","false","false","false","false","true","false","false","false","false",2064,"false","false","false","false","true","false","false","false","false","false","false","true","false","false","false","false",3,"true","true","false","false","false","false","false",-99999,999999,"rw","f"
"Overexpander","CartonFeeder_SET_Overexpander",12494,"Notiz",249,2076,"false","false","true","true","true","false","false","false","false","false","false","true","false","false","false","false",2064,"false","false","false","false","true","false","false","false","false","false","false","true","false","false","false","false",3,"true","true","false","false","false","false","false",-99999,999999,"rw","f"
"Setting overexpander","CartonFeeder_SET_SetOverexpander",13180,"Notiz",250,2076,"false","false","true","true","true","false","false","false","false","false","false","true","false","false","false","false",2064,"false","false","false","false","true","false","false","false","false","false","false","true","false","false","false","false",3,"true","true","false","false","false","false","false",-99999,999999,"rw","f"
"Carton detection length","CartonFeeder_SET_ScanLength",14465,"Notiz",251,2076,"false","false","true","true","true","false","false","false","false","false","false","true","false","false","false","false",2064,"false","false","false","false","true","false","false","false","false","false","false","true","false","false","false","false",3,"true","true","false","false","false","false","false",-99999,999999,"rw","f"
"Carton detection width","CartonFeeder_SET_ScanWidth",14466,"Notiz",252,2076,"false","false","true","true","true","false","false","false","false","false","false","true","false","false","false","false",2064,"false","false","false","false","true","false","false","false","false","false","false","true","false","false","false","false",3,"true","true","false","false","false","false","false",-99999,999999,"rw","f"
"Erector guide length","CartonFeeder_SET_ErectorGuideLength",12537,"Notiz",253,2076,"false","false","true","true","true","false","false","false","false","false","false","true","false","false","false","false",2064,"false","false","false","false","true","false","false","false","false","false","false","true","false","false","false","false",3,"true","true","false","false","false","false","false",-99999,999999,"rw","f"
"Erector guide height","CartonFeeder_SET_ErectorGuideHeight",13023,"Notiz",254,2076,"false","false","true","true","true","false","false","false","false","false","false","true","false","false","false","false",2064,"false","false","false","false","true","false","false","false","false","false","false","true","false","false","false","false",3,"true","true","false","false","false","false","false",-99999,999999,"rw","f"
"Erector guide width","CartonFeeder_SET_ErectorGuideWidth",14443,"Notiz",255,2076,"false","false","true","true","true","false","false","false","false","false","false","true","false","false","false","false",2064,"false","false","false","false","true","false","false","false","false","false","false","true","false","false","false","false",3,"true","true","false","false","false","false","false",-99999,999999,"rw","f"
"Erector guide","CartonFeeder_SET_ErectorGuide",12708,"Notiz",256,2076,"false","false","true","true","true","false","false","false","false","false","false","true","false","false","false","false",2064,"false","false","false","false","true","false","false","false","false","false","false","true","false","false","false","false",3,"true","true","false","false","false","false","false",-99999,999999,"rw","f"
"Pressure pad","CartonFeeder_SET_PressurePad",12931,"Notiz",257,2076,"false","false","true","true","true","false","false","false","false","false","false","true","false","false","false","false",2064,"false","false","false","false","true","false","false","false","false","false","false","true","false","false","false","false",3,"true","true","false","false","false","false","false",-99999,999999,"rw","f"
"Erector assist for carton","CartonFeeder_SET_ErectorAssist",14947,"Notiz",258,2076,"false","false","true","true","true","false","false","false","false","false","false","true","false","false","false","false",2064,"false","false","false","false","true","false","false","false","false","false","false","true","false","false","false","false",3,"true","true","false","false","false","false","false",-99999,999999,"rw","f"
"carton sideflap opener","CartonFeeder_SET_SideFlapOpener",20345,"Notiz",259,2076,"false","false","true","true","true","false","false","false","false","false","false","true","false","false","false","false",2064,"false","false","false","false","true","false","false","false","false","false","false","true","false","false","false","false",3,"true","true","false","false","false","false","false",-99999,999999,"rw","f"

Carton magazine
"CARTON MAGAZINE","CartonMagazine_SET_H",12144,"Notiz",239,2076,"false","false","true","true","true","false","false","false","false","false","false","true","false","false","false","false",2064,"false","false","false","false","true","false","false","false","false","false","false","true","false","false","false","false",3,"true","true","false","false","false","false","false",-99999,999999,"w","f"
"Carton height + width","CartonMagazine_SET_CartonHeight+Width",12495,"Notiz",240,2076,"false","false","true","true","true","false","false","false","false","false","false","true","false","false","false","false",2064,"false","false","false","false","true","false","false","false","false","false","false","true","false","false","false","false",3,"true","true","false","false","false","false","false",-99999,999999,"rw","f"
"Control lever length","CartonMagazine_SET_ControlLeverLength",21014,"Notiz",241,2076,"false","false","true","true","true","false","false","false","false","false","false","true","false","false","false","false",2064,"false","false","false","false","true","false","false","false","false","false","false","true","false","false","false","false",3,"true","true","false","false","false","false","false",-99999,999999,"rw","f"
"Carton length","CartonMagazine_SET_CartonLength",12496,"Notiz",242,2076,"false","false","true","true","true","false","false","false","false","false","false","true","false","false","false","false",2064,"false","false","false","false","true","false","false","false","false","false","false","true","false","false","false","false",3,"true","true","false","false","false","false","false",-99999,999999,"rw","f"
"Flap length","CartonMagazine_SET_FlapLength",12497,"Notiz",243,2076,"false","false","true","true","true","false","false","false","false","false","false","true","false","false","false","false",2064,"false","false","false","false","true","false","false","false","false","false","false","true","false","false","false","false",3,"true","true","false","false","false","false","false",-99999,999999,"rw","f"
"Carton height","CartonMagazine_SET_CartonHeight",12498,"Notiz",244,2076,"false","false","true","true","true","false","false","false","false","false","false","true","false","false","false","false",2064,"false","false","false","false","true","false","false","false","false","false","false","true","false","false","false","false",3,"true","true","false","false","false","false","false",-99999,999999,"rw","f"
"Side guide","CartonMagazine_SET_SideGuide",14247,"Notiz",245,2076,"false","false","true","true","true","false","false","false","false","false","false","true","false","false","false","false",2064,"false","false","false","false","true","false","false","false","false","false","false","true","false","false","false","false",3,"true","true","false","false","false","false","false",-99999,999999,"rw","f"

Product loader
"Switch Change loading pushers","ProductInsert_SWI_ChangeLoadingPushers",12142,"Schalter",437,2072,"false","false","false","true","true","false","false","false","false","false","false","true","false","false","false","false",2072,"false","false","false","true","true","false","false","false","false","false","false","true","false","false","false","false",19,"true","true","false","false","true","false","false",-99999,999999,"rw","f"
"Cam Product load separating rail","ProductInsert_CAM_ProductLoadSepRail",10157,"Winkel",462,2072,"false","false","false","true","true","false","false","false","false","false","false","true","false","false","false","false",2064,"false","false","false","false","true","false","false","false","false","false","false","true","false","false","false","false",19,"true","true","false","false","true","false","false",0,99,"rw","f"
"Cam leaflet pre-insertion","LeafletPreInsertion_CAM_SeparatingRail",11086,"Winkel",463,2072,"false","false","false","true","true","false","false","false","false","false","false","true","false","false","false","false",2064,"false","false","false","false","true","false","false","false","false","false","false","true","false","false","false","false",19,"true","true","false","false","true","false","false",0,99,"rw","f"
"Section leaflet pre-insertion separating rail","LeafletPreInsertion_CON_SEC_LeafletSeparatingRail",10368,"Config",48,2072,"false","false","false","true","true","false","false","false","false","false","false","true","false","false","false","false",2064,"false","false","false","false","true","false","false","false","false","false","false","true","false","false","false","false",19,"true","true","false","false","true","false","false",0,256,"rw","f"
"Section product load separating rail","ProductInsert_CON_SEC_ProductLoadSepRail",11520,"Config",45,2072,"false","false","false","true","true","false","false","false","false","false","false","true","false","false","false","false",2064,"false","false","false","false","true","false","false","false","false","false","false","true","false","false","false","false",19,"true","true","false","false","true","false","false",0,256,"rw","f"
"Section overload product loader","ProductInsert_CON_SEC_OverloadProductLoader",11521,"Config",46,2072,"false","false","false","true","true","false","false","false","false","false","false","true","false","false","false","false",2064,"false","false","false","false","true","false","false","false","false","false","false","true","false","false","false","false",19,"true","true","false","false","true","false","false",0,256,"rw","f"
"LEAFLET PRE-INSERTION","LeafletPreInsertion_SET_H",12150,"Notiz",267,2076,"false","false","true","true","true","false","false","false","false","false","false","true","false","false","false","false",2064,"false","false","false","false","true","false","false","false","false","false","false","true","false","false","false","false",3,"true","true","false","false","false","false","false",-99999,999999,"w","f"
"Pre-insertion tongues","LeafletPreInsertion_SET_Tongues",11038,"Notiz",268,2076,"false","false","true","true","true","false","false","false","false","false","false","true","false","false","false","false",2064,"false","false","false","false","true","false","false","false","false","false","false","true","false","false","false","false",3,"true","true","false","false","false","false","false",-99999,999999,"rw","f"
"Pre-insertion cam","LeafletPreInsertion_SET_Cam",11039,"Notiz",269,2076,"false","false","true","true","true","false","false","false","false","false","false","true","false","false","false","false",2064,"false","false","false","false","true","false","false","false","false","false","false","true","false","false","false","false",3,"true","true","false","false","false","false","false",-99999,999999,"rw","f"
"Leaflet pre-insertion height","LeafletPreInsertion_SET_Height",12632,"Notiz",270,2076,"false","false","true","true","true","false","false","false","false","false","false","true","false","false","false","false",2064,"false","false","false","false","true","false","false","false","false","false","false","true","false","false","false","false",3,"true","true","false","false","false","false","false",-99999,999999,"rw","f"
"Pre-insert height + booklet","LeafletPreInsertion_SET_Height+Booklet",13457,"Notiz",271,2076,"false","false","true","true","true","false","false","false","false","false","false","true","false","false","false","false",2064,"false","false","false","false","true","false","false","false","false","false","false","true","false","false","false","false",3,"true","true","false","false","false","false","false",-99999,999999,"rw","f"
"PRODUCT LOADER","ProductInsert_SET_H",12151,"Notiz",264,2076,"false","false","true","true","true","false","false","false","false","false","false","true","false","false","false","false",2064,"false","false","false","false","true","false","false","false","false","false","false","true","false","false","false","false",3,"true","true","false","false","false","false","false",-99999,999999,"w","f"
"Product loader","ProductInsert_SET_Loader",11040,"Notiz",265,2076,"false","false","true","true","true","false","false","false","false","false","false","true","false","false","false","false",2064,"false","false","false","false","true","false","false","false","false","false","false","true","false","false","false","false",3,"true","true","false","false","false","false","false",-99999,999999,"rw","f"
"Loading plate","ProductInsert_SET_LoadingPlate",16183,"Notiz",266,2076,"false","false","true","true","true","false","false","false","false","false","false","true","false","false","false","false",2064,"false","false","false","false","true","false","false","false","false","false","false","true","false","false","false","false",3,"true","true","false","false","false","false","false",-99999,999999,"rw","f"

Luminescence Control
"Switch Luminescence control","LeafletPresentControlLumat_SWI_On",11069,"Schalter",438,2064,"false","false","false","false","true","false","false","false","false","false","false","true","false","false","false","false",2064,"false","false","false","false","true","false","false","false","false","false","false","true","false","false","false","false",23,"true","true","true","false","true","false","false",-99999,999999,"rw","f"
"Cam luminescence control","LeafletPresentControlLumat_CAM_Control",11077,"Winkel",464,2072,"false","false","false","true","true","false","false","false","false","false","false","true","false","false","false","false",2064,"false","false","false","false","true","false","false","false","false","false","false","true","false","false","false","false",19,"true","true","false","false","true","false","false",0,99,"rw","f"
"Section luminescence control","LeafletPresentControlLumat_CON_SEC_Control",10366,"Config",49,2072,"false","false","false","true","true","false","false","false","false","false","false","true","false","false","false","false",2064,"false","false","false","false","true","false","false","false","false","false","false","true","false","false","false","false",19,"true","true","false","false","true","false","false",0,256,"rw","f"
"Serial error luminescence control","LeafletPresentControlLumat_CON_SerialError",10341,"Config",50,2072,"false","false","false","true","true","false","false","false","false","false","false","true","false","false","false","false",2064,"false","false","false","false","true","false","false","false","false","false","false","true","false","false","false","false",19,"true","true","false","false","true","false","false",0,99,"w","f"
"LUMINESCENCE CONTROL","LeafletPresentControlLumat_SET_H",12181,"Notiz",272,2076,"false","false","true","true","true","false","false","false","false","false","false","true","false","false","false","false",2064,"false","false","false","false","true","false","false","false","false","false","false","true","false","false","false","false",3,"true","true","false","false","false","false","false",-99999,999999,"w","f"
"Luminescence height","LeafletPresentControlLumat_SET_Height",12099,"Notiz",273,2076,"false","false","true","true","true","false","false","false","false","false","false","true","false","false","false","false",2064,"false","false","false","false","true","false","false","false","false","false","false","true","false","false","false","false",3,"true","true","false","false","false","false","false",-99999,999999,"rw","f"
"Luminescence length","LeafletPresentControlLumat_SET_Length",13181,"Notiz",274,2076,"false","false","true","true","true","false","false","false","false","false","false","true","false","false","false","false",2064,"false","false","false","false","true","false","false","false","false","false","false","true","false","false","false","false",3,"true","true","false","false","false","false","false",-99999,999999,"rw","f"
"Position luminescence","LeafletPresentControlLumat_SET_Pos",13874,"Notiz",275,2076,"false","false","true","true","true","false","false","false","false","false","false","true","false","false","false","false",2064,"false","false","false","false","true","false","false","false","false","false","false","true","false","false","false","false",3,"true","true","false","false","false","false","false",-99999,999999,"rw","f"

Embossing station
"Cam pos. mon. embos. wheel backside","EmbossingControlBackSide_CAM",15204,"Winkel",465,2072,"false","false","false","true","true","false","false","false","false","false","false","true","false","false","false","false",2072,"false","false","false","true","true","false","false","false","false","false","false","true","false","false","false","false",19,"true","true","false","false","true","false","false",0,99,"rw","f"
"Section embossing station","EmbossingStation_CON_SEC",11523,"Config",52,2072,"false","false","false","true","true","false","false","false","false","false","false","true","false","false","false","false",2064,"false","false","false","false","true","false","false","false","false","false","false","true","false","false","false","false",19,"true","true","false","false","true","false","false",0,256,"rw","f"
"EMBOSSING STATION","EmbossingStation_SET_H",12256,"Notiz",276,2076,"false","false","true","true","true","false","false","false","false","false","false","true","false","false","false","false",2064,"false","false","false","false","true","false","false","false","false","false","false","true","false","false","false","false",3,"true","true","false","false","false","false","false",-99999,999999,"w","f"
"Embossing control length","EmbossingStation_SET_ControlLength",21501,"Notiz",277,2076,"false","false","true","true","true","false","false","false","false","false","false","true","false","false","false","false",2064,"false","false","false","false","true","false","false","false","false","false","false","true","false","false","false","false",3,"true","true","false","false","false","false","false",-99999,999999,"rw","f"
"EMBOSSING STATION RIGHT","EmbossingStation_SET_H_Right",12152,"Notiz",278,2076,"false","false","true","true","true","false","false","false","false","false","false","true","false","false","false","false",2064,"false","false","false","false","true","false","false","false","false","false","false","true","false","false","false","false",3,"true","true","false","false","false","false","false",-99999,999999,"w","f"
"Embossing station length","EmbossingStation_SET_LengthRight",11048,"Notiz",279,2076,"false","false","true","true","true","false","false","false","false","false","false","true","false","false","false","false",2064,"false","false","false","false","true","false","false","false","false","false","false","true","false","false","false","false",3,"true","true","false","false","false","false","false",-99999,999999,"rw","f"
"Embossing station height","EmbossingStation_SET_HeightRight",12100,"Notiz",280,2076,"false","false","true","true","true","false","false","false","false","false","false","true","false","false","false","false",2064,"false","false","false","false","true","false","false","false","false","false","false","true","false","false","false","false",3,"true","true","false","false","false","false","false",-99999,999999,"rw","f"
"EMBOSSING STATION LEFT","EmbossingStation_SET_H_Left",12153,"Notiz",281,2076,"false","false","true","true","true","false","false","false","false","false","false","true","false","false","false","false",2064,"false","false","false","false","true","false","false","false","false","false","false","true","false","false","false","false",3,"true","true","false","false","false","false","false",-99999,999999,"w","f"
"Embossing station length","EmbossingStation_SET_LengthLeft",12086,"Notiz",282,2076,"false","false","true","true","true","false","false","false","false","false","false","true","false","false","false","false",2064,"false","false","false","false","true","false","false","false","false","false","false","true","false","false","false","false",3,"true","true","false","false","false","false","false",-99999,999999,"rw","f"
"Embossing station height","EmbossingStation_SET_HeightLeft",12085,"Notiz",283,2076,"false","false","true","true","true","false","false","false","false","false","false","true","false","false","false","false",2064,"false","false","false","false","true","false","false","false","false","false","false","true","false","false","false","false",3,"true","true","false","false","false","false","false",-99999,999999,"rw","f"

Hot melt
"Switch Hot-melt appl. at back side","HotmeltProBlue4_SWI_BackSide",15110,"Schalter",440,2072,"false","false","false","true","true","false","false","false","false","false","false","true","false","false","false","false",2064,"false","false","false","false","true","false","false","false","false","false","false","true","false","false","false","false",19,"true","true","false","false","true","false","false",-99999,999999,"rw","f"
"Switch Hot-melt appl. at loading side","HotmeltProBlue4_SWI_LoadSide",14171,"Schalter",441,2072,"false","false","false","true","true","false","false","false","false","false","false","true","false","false","false","false",2064,"false","false","false","false","true","false","false","false","false","false","false","true","false","false","false","false",19,"true","true","false","false","true","false","false",-99999,999999,"rw","f"
"Switch Service hot-melt device","HotmeltProBlue4_SWI_Service",15665,"Schalter",439,2072,"false","false","false","true","true","false","false","false","false","false","false","true","false","false","false","false",2064,"false","false","false","false","true","false","false","false","false","false","false","true","false","false","false","false",19,"true","true","false","false","true","false","false",-99999,999999,"rw","f"
"spray 1","HotMelt_SP1_SWI_Rein",16185,"Schalter",442,2076,"false","false","true","true","true","false","false","false","false","false","false","true","false","false","false","false",2064,"false","false","false","false","true","false","false","false","false","false","false","true","false","false","false","false",18,"false","true","false","false","true","false","false",-99999,999999,"w",
"spray 2","HotMelt_SP2_SWI_Rein",16186,"Schalter",443,2076,"false","false","true","true","true","false","false","false","false","false","false","true","false","false","false","false",2064,"false","false","false","false","true","false","false","false","false","false","false","true","false","false","false","false",18,"false","true","false","false","true","false","false",-99999,999999,"w",
"Cam hot-melt start back side","HotmeltProBlue4_CAM_StartBackSide",16671,"Winkel",466,2072,"false","false","false","true","true","false","false","false","false","false","false","true","false","false","false","false",2064,"false","false","false","false","true","false","false","false","false","false","false","true","false","false","false","false",19,"true","true","false","false","true","false","false",0,99,"rw","f"
"Cam hot-melt start loading side","HotmeltProBlue4_CAM_StartLoadSide",14170,"Winkel",467,2072,"false","false","false","true","true","false","false","false","false","false","false","true","false","false","false","false",2064,"false","false","false","false","true","false","false","false","false","false","false","true","false","false","false","false",19,"true","true","false","false","true","false","false",0,99,"rw","f"
"Number of hot-melt cartons by stop backside","HotmeltProBlue4_CON_NumbOfCtByStop_BackSide",21823,"Config",53,2072,"false","false","false","true","true","false","false","false","false","false","false","true","false","false","false","false",2064,"false","false","false","false","true","false","false","false","false","false","false","true","false","false","false","false",19,"true","true","false","false","true","false","false",1,8,"w","f"
"Number of hot-melt cartons by stop loading side","HotmeltProBlue4_CON_NumbOfCtByStop_LoadSide",21824,"Config",54,2072,"false","false","false","true","true","false","false","false","false","false","false","true","false","false","false","false",2064,"false","false","false","false","true","false","false","false","false","false","false","true","false","false","false","false",19,"true","true","false","false","true","false","false",1,8,"w","f"
"Hot-melt point glueing","HotmeltProBlue4_CON_SpeedPtGlueing",15385,"Config",55,2072,"false","false","false","true","true","false","false","false","false","false","false","true","false","false","false","false",2064,"false","false","false","false","true","false","false","false","false","false","false","true","false","false","false","false",19,"true","true","false","false","true","false","false",15,350,"w","f"
"Hot-melt point glueing","HotmeltProBlue4_CON_NumbOfPtGlueCt",15385,"Config",56,2072,"false","false","false","true","true","false","false","false","false","false","false","true","false","false","false","false",2064,"false","false","false","false","true","false","false","false","false","false","false","true","false","false","false","false",19,"true","true","false","false","true","false","false",1,100,"w","f"
"Hot-melt point glueing","HotmeltProBlue4_CON_TimePtGlue",15385,"Config",57,2072,"false","false","false","true","true","false","false","false","false","false","false","true","false","false","false","false",2064,"false","false","false","false","true","false","false","false","false","false","false","true","false","false","false","false",19,"true","true","false","false","true","false","false",2,40,"w","f"
"Hot-melt not glueing      (msec * 5)","HotmeltProBlue4_CON_PausePtGlue",15392,"Config",58,2072,"false","false","false","true","true","false","false","false","false","false","false","true","false","false","false","false",2064,"false","false","false","false","true","false","false","false","false","false","false","true","false","false","false","false",19,"true","true","false","false","true","false","false",2,100,"w","f"
"Hot-melt pressure max.","HotmeltProBlue4_CON_PressureMax",15584,"Config",59,2072,"false","false","false","true","true","false","false","false","false","false","false","true","false","false","false","false",2064,"false","false","false","false","true","false","false","false","false","false","false","true","false","false","false","false",19,"true","true","false","false","true","false","false",10,100,"w","f"
"Hot-melt pressure min.","HotmeltProBlue4_CON_PressureMin",15669,"Config",60,2072,"false","false","false","true","true","false","false","false","false","false","false","true","false","false","false","false",2064,"false","false","false","false","true","false","false","false","false","false","false","true","false","false","false","false",19,"true","true","false","false","true","false","false",1,80,"w","f"
"Section hot-melt at back side","HotmeltProBlue4_CON_SEC_BackSide",15111,"Config",62,2072,"false","false","false","true","true","false","false","false","false","false","false","true","false","false","false","false",2064,"false","false","false","false","true","false","false","false","false","false","false","true","false","false","false","false",19,"true","true","false","false","true","false","false",0,256,"rw","f"
"Section hot-melt at loading side","HotmeltProBlue4_CON_SEC_LoadSide",17257,"Config",61,2072,"false","false","false","true","true","false","false","false","false","false","false","true","false","false","false","false",2064,"false","false","false","false","true","false","false","false","false","false","false","true","false","false","false","false",19,"true","true","false","false","true","false","false",0,256,"rw","f"
"HOT-MELT APPLICATOR","HotmeltProBlue4_SET_H",12154,"Notiz",284,2076,"false","false","true","true","true","false","false","false","false","false","false","true","false","false","false","false",2064,"false","false","false","false","true","false","false","false","false","false","false","true","false","false","false","false",3,"true","true","false","false","false","false","false",-99999,999999,"w","f"
"Hot-melt applic. program number","HotmeltProBlue4_SET_ProgNumber",12163,"Notiz",285,2076,"false","false","true","true","true","false","false","false","false","false","false","true","false","false","false","false",2064,"false","false","false","false","true","false","false","false","false","false","false","true","false","false","false","false",3,"true","true","false","false","false","false","false",-99999,999999,"rw","f"
"Delay hot-melt application","HotmeltProBlue4_SET_GlueDelay",12164,"Notiz",286,2076,"false","false","true","true","true","false","false","false","false","false","false","true","false","false","false","false",2064,"false","false","false","false","true","false","false","false","false","false","false","true","false","false","false","false",3,"true","true","false","false","false","false","false",-99999,999999,"rw","f"
"Hot-melt application","HotmeltProBlue4_SET_Glueing",12165,"Notiz",287,2076,"false","false","true","true","true","false","false","false","false","false","false","true","false","false","false","false",2064,"false","false","false","false","true","false","false","false","false","false","false","true","false","false","false","false",3,"true","true","false","false","false","false","false",-99999,999999,"rw","f"
"Hot-melt temp. reservoir","HotmeltProBlue4_SET_TempTank",12166,"Notiz",288,2076,"false","false","true","true","true","false","false","false","false","false","false","true","false","false","false","false",2064,"false","false","false","false","true","false","false","false","false","false","false","true","false","false","false","false",3,"true","true","false","false","false","false","false",-99999,999999,"rw","f"
"Hot-melt temp. hose","HotmeltProBlue4_SET_TempHose",12167,"Notiz",289,2076,"false","false","true","true","true","false","false","false","false","false","false","true","false","false","false","false",2064,"false","false","false","false","true","false","false","false","false","false","false","true","false","false","false","false",3,"true","true","false","false","false","false","false",-99999,999999,"rw","f"
"Hot-melt temp. spray.head","HotmeltProBlue4_SET_TempSprayHead",12168,"Notiz",290,2076,"false","false","true","true","true","false","false","false","false","false","false","true","false","false","false","false",2064,"false","false","false","false","true","false","false","false","false","false","false","true","false","false","false","false",3,"true","true","false","false","false","false","false",-99999,999999,"rw","f"
"Hot-melt temp. hose I","HotmeltProBlue4_SET_TempHose1",14176,"Notiz",291,2076,"false","false","true","true","true","false","false","false","false","false","false","true","false","false","false","false",2064,"false","false","false","false","true","false","false","false","false","false","false","true","false","false","false","false",3,"true","true","false","false","false","false","false",-99999,999999,"rw","f"
"Hot-melt temp.spray head I","HotmeltProBlue4_SET_TempSprayHead1",14177,"Notiz",292,2076,"false","false","true","true","true","false","false","false","false","false","false","true","false","false","false","false",2064,"false","false","false","false","true","false","false","false","false","false","false","true","false","false","false","false",3,"true","true","false","false","false","false","false",-99999,999999,"rw","f"
"Delay hot-melt applicat. I","HotmeltProBlue4_SET_GlueDelay1",14178,"Notiz",293,2076,"false","false","true","true","true","false","false","false","false","false","false","true","false","false","false","false",2064,"false","false","false","false","true","false","false","false","false","false","false","true","false","false","false","false",3,"true","true","false","false","false","false","false",-99999,999999,"rw","f"
"Hot-melt application I","HotmeltProBlue4_SET_Glueing1",14179,"Notiz",294,2076,"false","false","true","true","true","false","false","false","false","false","false","true","false","false","false","false",2064,"false","false","false","false","true","false","false","false","false","false","false","true","false","false","false","false",3,"true","true","false","false","false","false","false",-99999,999999,"rw","f"
"Hot-melt temp. hose 2","HotmeltProBlue4_SET_TempHose2",14180,"Notiz",295,2076,"false","false","true","true","true","false","false","false","false","false","false","true","false","false","false","false",2064,"false","false","false","false","true","false","false","false","false","false","false","true","false","false","false","false",3,"true","true","false","false","false","false","false",-99999,999999,"rw","f"
"Hot-melt temp.spray head 2","HotmeltProBlue4_SET_TempSprayHead2",14181,"Notiz",296,2076,"false","false","true","true","true","false","false","false","false","false","false","true","false","false","false","false",2064,"false","false","false","false","true","false","false","false","false","false","false","true","false","false","false","false",3,"true","true","false","false","false","false","false",-99999,999999,"rw","f"
"Delay hot-melt applicat. 2","HotmeltProBlue4_SET_GlueDelay2",14182,"Notiz",297,2076,"false","false","true","true","true","false","false","false","false","false","false","true","false","false","false","false",2064,"false","false","false","false","true","false","false","false","false","false","false","true","false","false","false","false",3,"true","true","false","false","false","false","false",-99999,999999,"rw","f"
"Hot-melt application 2","HotmeltProBlue4_SET_Glueing2",14183,"Notiz",298,2076,"false","false","true","true","true","false","false","false","false","false","false","true","false","false","false","false",2064,"false","false","false","false","true","false","false","false","false","false","false","true","false","false","false","false",3,"true","true","false","false","false","false","false",-99999,999999,"rw","f"
"Hot-melt temp. hose 3","HotmeltProBlue4_SET_TempHose3",16528,"Notiz",299,2076,"false","false","true","true","true","false","false","false","false","false","false","true","false","false","false","false",2064,"false","false","false","false","true","false","false","false","false","false","false","true","false","false","false","false",3,"true","true","false","false","false","false","false",-99999,999999,"rw","f"
"Hot-melt temp. spray head 3","HotmeltProBlue4_SET_TempSprayHead3",16531,"Notiz",300,2076,"false","false","true","true","true","false","false","false","false","false","false","true","false","false","false","false",2064,"false","false","false","false","true","false","false","false","false","false","false","true","false","false","false","false",3,"true","true","false","false","false","false","false",-99999,999999,"rw","f"
"Hot-melt temp. hose 4","HotmeltProBlue4_SET_TempHose4",16529,"Notiz",301,2076,"false","false","true","true","true","false","false","false","false","false","false","true","false","false","false","false",2064,"false","false","false","false","true","false","false","false","false","false","false","true","false","false","false","false",3,"true","true","false","false","false","false","false",-99999,999999,"rw","f"
"Hot-melt temp. spray head 4","HotmeltProBlue4_SET_TempSprayHead4",16532,"Notiz",302,2076,"false","false","true","true","true","false","false","false","false","false","false","true","false","false","false","false",2064,"false","false","false","false","true","false","false","false","false","false","false","true","false","false","false","false",3,"true","true","false","false","false","false","false",-99999,999999,"rw","f"
"Compr. air pump hot-melt","HotmeltProBlue4_SET_CompAirPump",12169,"Notiz",304,2076,"false","false","true","true","true","false","false","false","false","false","false","true","false","false","false","false",2064,"false","false","false","false","true","false","false","false","false","false","false","true","false","false","false","false",3,"true","true","false","false","false","false","false",-99999,999999,"rw","f"
"Spraying head right length","HotmeltProBlue4_SET_SprayHeadRightLength",13431,"Notiz",303,2076,"false","false","true","true","true","false","false","false","false","false","false","true","false","false","false","false",2064,"false","false","false","false","true","false","false","false","false","false","false","true","false","false","false","false",3,"true","true","false","false","false","false","false",-99999,999999,"rw","f"
"Spraying head right height","HotmeltProBlue4_SET_SprayHeadRightHeight",13432,"Notiz",305,2076,"false","false","true","true","true","false","false","false","false","false","false","true","false","false","false","false",2064,"false","false","false","false","true","false","false","false","false","false","false","true","false","false","false","false",3,"true","true","false","false","false","false","false",-99999,999999,"rw","f"
"Closing rail right length","HotmeltProBlue4_SET_CloseRailRightLength",13433,"Notiz",306,2076,"false","false","true","true","true","false","false","false","false","false","false","true","false","false","false","false",2064,"false","false","false","false","true","false","false","false","false","false","false","true","false","false","false","false",3,"true","true","false","false","false","false","false",-99999,999999,"rw","f"
"Closing rail right height","HotmeltProBlue4_SET_CloseRailRightHeight",13434,"Notiz",307,2076,"false","false","true","true","true","false","false","false","false","false","false","true","false","false","false","false",2064,"false","false","false","false","true","false","false","false","false","false","false","true","false","false","false","false",3,"true","true","false","false","false","false","false",-99999,999999,"rw","f"
"Spraying head left length","HotmeltProBlue4_SET_SprayHeadLeftLength",13435,"Notiz",308,2076,"false","false","true","true","true","false","false","false","false","false","false","true","false","false","false","false",2064,"false","false","false","false","true","false","false","false","false","false","false","true","false","false","false","false",3,"true","true","false","false","false","false","false",-99999,999999,"rw","f"
"Spraying head left height","HotmeltProBlue4_SET_SprayHeadLeftHeight",13436,"Notiz",309,2076,"false","false","true","true","true","false","false","false","false","false","false","true","false","false","false","false",2064,"false","false","false","false","true","false","false","false","false","false","false","true","false","false","false","false",3,"true","true","false","false","false","false","false",-99999,999999,"rw","f"
"hot-melt head 1","HotmeltProBlue4_SET_Head1",17495,"Notiz",310,2076,"false","false","true","true","true","false","false","false","false","false","false","true","false","false","false","false",2064,"false","false","false","false","true","false","false","false","false","false","false","true","false","false","false","false",3,"true","true","false","false","false","false","false",-99999,999999,"rw","f"
"hot-melt head 1 height","HotmeltProBlue4_SET_Head1Height",17499,"Notiz",311,2076,"false","false","true","true","true","false","false","false","false","false","false","true","false","false","false","false",2064,"false","false","false","false","true","false","false","false","false","false","false","true","false","false","false","false",3,"true","true","false","false","false","false","false",-99999,999999,"rw","f"
"hot-melt head 2","HotmeltProBlue4_SET_Head2",17496,"Notiz",312,2076,"false","false","true","true","true","false","false","false","false","false","false","true","false","false","false","false",2064,"false","false","false","false","true","false","false","false","false","false","false","true","false","false","false","false",3,"true","true","false","false","false","false","false",-99999,999999,"rw","f"
"hot-melt head 2 height","HotmeltProBlue4_SET_Head2Height",17500,"Notiz",313,2076,"false","false","true","true","true","false","false","false","false","false","false","true","false","false","false","false",2064,"false","false","false","false","true","false","false","false","false","false","false","true","false","false","false","false",3,"true","true","false","false","false","false","false",-99999,999999,"rw","f"
"hot-melt head 3","HotmeltProBlue4_SET_Head3",17497,"Notiz",314,2076,"false","false","true","true","true","false","false","false","false","false","false","true","false","false","false","false",2064,"false","false","false","false","true","false","false","false","false","false","false","true","false","false","false","false",3,"true","true","false","false","false","false","false",-99999,999999,"rw","f"
"hot-melt head 3 height","HotmeltProBlue4_SET_Head3Height",17501,"Notiz",315,2076,"false","false","true","true","true","false","false","false","false","false","false","true","false","false","false","false",2064,"false","false","false","false","true","false","false","false","false","false","false","true","false","false","false","false",3,"true","true","false","false","false","false","false",-99999,999999,"rw","f"
"hot-melt head 4","HotmeltProBlue4_SET_Head4",17498,"Notiz",316,2076,"false","false","true","true","true","false","false","false","false","false","false","true","false","false","false","false",2064,"false","false","false","false","true","false","false","false","false","false","false","true","false","false","false","false",3,"true","true","false","false","false","false","false",-99999,999999,"rw","f"
"hot-melt head 4 height","HotmeltProBlue4_SET_Head4Height",17502,"Notiz",317,2076,"false","false","true","true","true","false","false","false","false","false","false","true","false","false","false","false",2064,"false","false","false","false","true","false","false","false","false","false","false","true","false","false","false","false",3,"true","true","false","false","false","false","false",-99999,999999,"rw","f"
"hot-melting  Standard","HotmeltProBlue4_SET_Standard",17503,"Notiz",318,2076,"false","false","true","true","true","false","false","false","false","false","false","true","false","false","false","false",2064,"false","false","false","false","true","false","false","false","false","false","false","true","false","false","false","false",3,"true","true","false","false","false","false","false",-99999,999999,"rw","f"
"hot-melt 4th flap","HotmeltProBlue4_SET_4thFlap",17504,"Notiz",319,2076,"false","false","true","true","true","false","false","false","false","false","false","true","false","false","false","false",2064,"false","false","false","false","true","false","false","false","false","false","false","true","false","false","false","false",3,"true","true","false","false","false","false","false",-99999,999999,"rw","f"
"Closing rail left height","HotmeltProBlue4_SET_CloseRailLeftHeight",13438,"Notiz",320,2076,"false","false","true","true","true","false","false","false","false","false","false","true","false","false","false","false",2064,"false","false","false","false","true","false","false","false","false","false","false","true","false","false","false","false",3,"true","true","false","false","false","false","false",-99999,999999,"rw","f"
"Closing rail left length","HotmeltProBlue4_SET_CloseRailLeftLength",13437,"Notiz",321,2076,"false","false","true","true","true","false","false","false","false","false","false","true","false","false","false","false",2064,"false","false","false","false","true","false","false","false","false","false","false","true","false","false","false","false",3,"true","true","false","false","false","false","false",-99999,999999,"rw","f"
"HOT-MELT APPLICATOR  STATION RIGHT","HotmeltProBlue4_SET_HOTMELTAPPLICATORRIGHT",24492,"Notiz",322,2076,"false","false","true","true","true","false","false","false","false","false","false","true","false","false","false","false",2064,"false","false","false","false","true","false","false","false","false","false","false","true","false","false","false","false",3,"true","true","false","false","false","false","false",-99999,999999,"w","f"
"Hot-melt unit right height","HotmeltProBlue4_SET_HotmeltUnitRightHeight",23263,"Notiz",323,2076,"false","false","true","true","true","false","false","false","false","false","false","true","false","false","false","false",2064,"false","false","false","false","true","false","false","false","false","false","false","true","false","false","false","false",3,"true","true","false","false","false","false","false",-99999,999999,"rw","f"
"Hot-melting guide bar 20","HotmeltProBlue4_SET_HotMeltingGuideBar20",24474,"Notiz",324,2076,"false","false","true","true","true","false","false","false","false","false","false","true","false","false","false","false",2064,"false","false","false","false","true","false","false","false","false","false","false","true","false","false","false","false",3,"true","true","false","false","false","false","false",-99999,999999,"rw","f"
"Hot-melting guide bar 21","HotmeltProBlue4_SET_HotMeltingGuideBar21",25633,"Notiz",325,2076,"false","false","true","true","true","false","false","false","false","false","false","true","false","false","false","false",2064,"false","false","false","false","true","false","false","false","false","false","false","true","false","false","false","false",3,"true","true","false","false","false","false","false",-99999,999999,"rw","f"
"Hot-melting guide bar 22","HotmeltProBlue4_SET_HotMeltingGuideBar22",25634,"Notiz",326,2076,"false","false","true","true","true","false","false","false","false","false","false","true","false","false","false","false",2064,"false","false","false","false","true","false","false","false","false","false","false","true","false","false","false","false",3,"true","true","false","false","false","false","false",-99999,999999,"rw","f"
"Hot-melting guide bar 23","HotmeltProBlue4_SET_HotMeltingGuideBar23",25635,"Notiz",327,2076,"false","false","true","true","true","false","false","false","false","false","false","true","false","false","false","false",2064,"false","false","false","false","true","false","false","false","false","false","false","true","false","false","false","false",3,"true","true","false","false","false","false","false",-99999,999999,"rw","f"
"Hot-melting guide bar 24","HotmeltProBlue4_SET_HotMeltingGuideBar24",25636,"Notiz",328,2076,"false","false","true","true","true","false","false","false","false","false","false","true","false","false","false","false",2064,"false","false","false","false","true","false","false","false","false","false","false","true","false","false","false","false",3,"true","true","false","false","false","false","false",-99999,999999,"rw","f"
"Hot-melting guide bar 25","HotmeltProBlue4_SET_HotMeltingGuideBar25",25637,"Notiz",329,2076,"false","false","true","true","true","false","false","false","false","false","false","true","false","false","false","false",2064,"false","false","false","false","true","false","false","false","false","false","false","true","false","false","false","false",3,"true","true","false","false","false","false","false",-99999,999999,"rw","f"
"Hot-melting guide bar 26","HotmeltProBlue4_SET_HotMeltingGuideBar26",25638,"Notiz",330,2076,"false","false","true","true","true","false","false","false","false","false","false","true","false","false","false","false",2064,"false","false","false","false","true","false","false","false","false","false","false","true","false","false","false","false",3,"true","true","false","false","false","false","false",-99999,999999,"rw","f"
"Hot-melting guide bar 27","HotmeltProBlue4_SET_HotMeltingGuideBar27",25639,"Notiz",331,2076,"false","false","true","true","true","false","false","false","false","false","false","true","false","false","false","false",2064,"false","false","false","false","true","false","false","false","false","false","false","true","false","false","false","false",3,"true","true","false","false","false","false","false",-99999,999999,"rw","f"
"Hot-melting guide bar 28","HotmeltProBlue4_SET_HotMeltingGuideBar28",25640,"Notiz",332,2076,"false","false","true","true","true","false","false","false","false","false","false","true","false","false","false","false",2064,"false","false","false","false","true","false","false","false","false","false","false","true","false","false","false","false",3,"true","true","false","false","false","false","false",-99999,999999,"rw","f"
"Hot-melting guide bar 29","HotmeltProBlue4_SET_HotMeltingGuideBar29",25641,"Notiz",333,2076,"false","false","true","true","true","false","false","false","false","false","false","true","false","false","false","false",2064,"false","false","false","false","true","false","false","false","false","false","false","true","false","false","false","false",3,"true","true","false","false","false","false","false",-99999,999999,"rw","f"
"Hot-melting guide bar 30","HotmeltProBlue4_SET_HotMeltingGuideBar30",25642,"Notiz",334,2076,"false","false","true","true","true","false","false","false","false","false","false","true","false","false","false","false",2064,"false","false","false","false","true","false","false","false","false","false","false","true","false","false","false","false",3,"true","true","false","false","false","false","false",-99999,999999,"rw","f"
"Hot-melting guide bar 31","HotmeltProBlue4_SET_HotMeltingGuideBar31",25643,"Notiz",335,2076,"false","false","true","true","true","false","false","false","false","false","false","true","false","false","false","false",2064,"false","false","false","false","true","false","false","false","false","false","false","true","false","false","false","false",3,"true","true","false","false","false","false","false",-99999,999999,"rw","f"
"Hot-melting guide bar 32","HotmeltProBlue4_SET_HotMeltingGuideBar32",25644,"Notiz",336,2076,"false","false","true","true","true","false","false","false","false","false","false","true","false","false","false","false",2064,"false","false","false","false","true","false","false","false","false","false","false","true","false","false","false","false",3,"true","true","false","false","false","false","false",-99999,999999,"rw","f"
"Hot-melting guide bar 33","HotmeltProBlue4_SET_HotMeltingGuideBar33",25645,"Notiz",337,2076,"false","false","true","true","true","false","false","false","false","false","false","true","false","false","false","false",2064,"false","false","false","false","true","false","false","false","false","false","false","true","false","false","false","false",3,"true","true","false","false","false","false","false",-99999,999999,"rw","f"
"Hot-melting guide bar 34","HotmeltProBlue4_SET_HotMeltingGuideBar34",25646,"Notiz",338,2076,"false","false","true","true","true","false","false","false","false","false","false","true","false","false","false","false",2064,"false","false","false","false","true","false","false","false","false","false","false","true","false","false","false","false",3,"true","true","false","false","false","false","false",-99999,999999,"rw","f"
"Hot-melting guide bar 35","HotmeltProBlue4_SET_HotMeltingGuideBar35",25647,"Notiz",339,2076,"false","false","true","true","true","false","false","false","false","false","false","true","false","false","false","false",2064,"false","false","false","false","true","false","false","false","false","false","false","true","false","false","false","false",3,"true","true","false","false","false","false","false",-99999,999999,"rw","f"
"hot-melt head 2 height","HotmeltProBlue4_SET_HotmeltHead2Height",17500,"Notiz",340,2076,"false","false","true","true","true","false","false","false","false","false","false","true","false","false","false","false",2064,"false","false","false","false","true","false","false","false","false","false","false","true","false","false","false","false",3,"true","true","false","false","false","false","false",-99999,999999,"rw","f"
"hot-melt head 4 height","HotmeltProBlue4_SET_HotmeltHead4Height",17502,"Notiz",341,2076,"false","false","true","true","true","false","false","false","false","false","false","true","false","false","false","false",2064,"false","false","false","false","true","false","false","false","false","false","false","true","false","false","false","false",3,"true","true","false","false","false","false","false",-99999,999999,"rw","f"
"hot-melt heads 2+4 height","HotmeltProBlue4_SET_HotmeltHead2+4Height",24475,"Notiz",342,2076,"false","false","true","true","true","false","false","false","false","false","false","true","false","false","false","false",2064,"false","false","false","false","true","false","false","false","false","false","false","true","false","false","false","false",3,"true","true","false","false","false","false","false",-99999,999999,"rw","f"
"HOT-MELT APPLICATOR STATION LEFT","HotmeltProBlue4_SET_HOTMELTAPPLICATORLEFT",24493,"Notiz",343,2076,"false","false","true","true","true","false","false","false","false","false","false","true","false","false","false","false",2064,"false","false","false","false","true","false","false","false","false","false","false","true","false","false","false","false",3,"true","true","false","false","false","false","false",-99999,999999,"w","f"
"Hot-melt unit left height","HotmeltProBlue4_SET_HotmeltUnitLeftHeight",23264,"Notiz",344,2076,"false","false","true","true","true","false","false","false","false","false","false","true","false","false","false","false",2064,"false","false","false","false","true","false","false","false","false","false","false","true","false","false","false","false",3,"true","true","false","false","false","false","false",-99999,999999,"rw","f"
"Hot-melting guide bar 1","HotmeltProBlue4_SET_HotMeltingGuideBar1",17912,"Notiz",345,2076,"false","false","true","true","true","false","false","false","false","false","false","true","false","false","false","false",2064,"false","false","false","false","true","false","false","false","false","false","false","true","false","false","false","false",3,"true","true","false","false","false","false","false",-99999,999999,"rw","f"
"Hot-melting guide bar 2","HotmeltProBlue4_SET_HotMeltingGuideBar2",17913,"Notiz",346,2076,"false","false","true","true","true","false","false","false","false","false","false","true","false","false","false","false",2064,"false","false","false","false","true","false","false","false","false","false","false","true","false","false","false","false",3,"true","true","false","false","false","false","false",-99999,999999,"rw","f"
"Hot-melting guide bar 3","HotmeltProBlue4_SET_HotMeltingGuideBar3",17914,"Notiz",347,2076,"false","false","true","true","true","false","false","false","false","false","false","true","false","false","false","false",2064,"false","false","false","false","true","false","false","false","false","false","false","true","false","false","false","false",3,"true","true","false","false","false","false","false",-99999,999999,"rw","f"
"Hot-melting guide bar 4","HotmeltProBlue4_SET_HotMeltingGuideBar4",17915,"Notiz",348,2076,"false","false","true","true","true","false","false","false","false","false","false","true","false","false","false","false",2064,"false","false","false","false","true","false","false","false","false","false","false","true","false","false","false","false",3,"true","true","false","false","false","false","false",-99999,999999,"rw","f"
"Hot-melting guide bar 5","HotmeltProBlue4_SET_HotMeltingGuideBar5",22272,"Notiz",349,2076,"false","false","true","true","true","false","false","false","false","false","false","true","false","false","false","false",2064,"false","false","false","false","true","false","false","false","false","false","false","true","false","false","false","false",3,"true","true","false","false","false","false","false",-99999,999999,"rw","f"
"Hot-melting guide bar 6","HotmeltProBlue4_SET_HotMeltingGuideBar6",22273,"Notiz",350,2076,"false","false","true","true","true","false","false","false","false","false","false","true","false","false","false","false",2064,"false","false","false","false","true","false","false","false","false","false","false","true","false","false","false","false",3,"true","true","false","false","false","false","false",-99999,999999,"rw","f"
"Hot-melting guide bar 7","HotmeltProBlue4_SET_HotMeltingGuideBar7",22274,"Notiz",351,2076,"false","false","true","true","true","false","false","false","false","false","false","true","false","false","false","false",2064,"false","false","false","false","true","false","false","false","false","false","false","true","false","false","false","false",3,"true","true","false","false","false","false","false",-99999,999999,"rw","f"
"Hot-melting guide bar 8","HotmeltProBlue4_SET_HotMeltingGuideBar8",22275,"Notiz",352,2076,"false","false","true","true","true","false","false","false","false","false","false","true","false","false","false","false",2064,"false","false","false","false","true","false","false","false","false","false","false","true","false","false","false","false",3,"true","true","false","false","false","false","false",-99999,999999,"rw","f"
"Hot-melting guide bar 9","HotmeltProBlue4_SET_HotMeltingGuideBar9",22276,"Notiz",353,2076,"false","false","true","true","true","false","false","false","false","false","false","true","false","false","false","false",2064,"false","false","false","false","true","false","false","false","false","false","false","true","false","false","false","false",3,"true","true","false","false","false","false","false",-99999,999999,"rw","f"
"Hot-melting guide bar 10","HotmeltProBlue4_SET_HotMeltingGuideBar10",22277,"Notiz",354,2076,"false","false","true","true","true","false","false","false","false","false","false","true","false","false","false","false",2064,"false","false","false","false","true","false","false","false","false","false","false","true","false","false","false","false",3,"true","true","false","false","false","false","false",-99999,999999,"rw","f"
"Hot-melting guide bar 11","HotmeltProBlue4_SET_HotMeltingGuideBar11",22278,"Notiz",355,2076,"false","false","true","true","true","false","false","false","false","false","false","true","false","false","false","false",2064,"false","false","false","false","true","false","false","false","false","false","false","true","false","false","false","false",3,"true","true","false","false","false","false","false",-99999,999999,"rw","f"
"Hot-melting guide bar 12","HotmeltProBlue4_SET_HotMeltingGuideBar12",22279,"Notiz",356,2076,"false","false","true","true","true","false","false","false","false","false","false","true","false","false","false","false",2064,"false","false","false","false","true","false","false","false","false","false","false","true","false","false","false","false",3,"true","true","false","false","false","false","false",-99999,999999,"rw","f"
"Hot-melting guide bar 13","HotmeltProBlue4_SET_HotMeltingGuideBar13",22280,"Notiz",357,2076,"false","false","true","true","true","false","false","false","false","false","false","true","false","false","false","false",2064,"false","false","false","false","true","false","false","false","false","false","false","true","false","false","false","false",3,"true","true","false","false","false","false","false",-99999,999999,"rw","f"
"Hot-melting guide bar 14","HotmeltProBlue4_SET_HotMeltingGuideBar14",24468,"Notiz",358,2076,"false","false","true","true","true","false","false","false","false","false","false","true","false","false","false","false",2064,"false","false","false","false","true","false","false","false","false","false","false","true","false","false","false","false",3,"true","true","false","false","false","false","false",-99999,999999,"rw","f"
"Hot-melting guide bar 15","HotmeltProBlue4_SET_HotMeltingGuideBar15",24469,"Notiz",359,2076,"false","false","true","true","true","false","false","false","false","false","false","true","false","false","false","false",2064,"false","false","false","false","true","false","false","false","false","false","false","true","false","false","false","false",3,"true","true","false","false","false","false","false",-99999,999999,"rw","f"
"hot-melt head 1 height","HotmeltProBlue4_SET_HotmeltHead1Height",17499,"Notiz",360,2076,"false","false","true","true","true","false","false","false","false","false","false","true","false","false","false","false",2064,"false","false","false","false","true","false","false","false","false","false","false","true","false","false","false","false",3,"true","true","false","false","false","false","false",-99999,999999,"rw","f"
"hot-melt head 3 height","HotmeltProBlue4_SET_HotmeltHead3Height",17501,"Notiz",361,2076,"false","false","true","true","true","false","false","false","false","false","false","true","false","false","false","false",2064,"false","false","false","false","true","false","false","false","false","false","false","true","false","false","false","false",3,"true","true","false","false","false","false","false",-99999,999999,"rw","f"
"hot-melt heads 1+3 height","HotmeltProBlue4_SET_HotmeltHead1+3Height",24476,"Notiz",362,2076,"false","false","true","true","true","false","false","false","false","false","false","true","false","false","false","false",2064,"false","false","false","false","true","false","false","false","false","false","false","true","false","false","false","false",3,"true","true","false","false","false","false","false",-99999,999999,"rw","f"

Closing station
"Section closing station","ClosingStation_CON_SEC",15382,"Config",64,2072,"false","false","false","true","true","false","false","false","false","false","false","true","false","false","false","false",2064,"false","false","false","false","true","false","false","false","false","false","false","true","false","false","false","false",19,"true","true","false","false","true","false","false",0,256,"rw","f"
"CLOSING STATION RIGHT","ClosingStation_SET_H_Right",12147,"Notiz",363,2076,"false","false","true","true","true","false","false","false","false","false","false","true","false","false","false","false",2064,"false","false","false","false","true","false","false","false","false","false","false","true","false","false","false","false",3,"true","true","false","false","false","false","false",-99999,999999,"w","f"
"Closing station height","ClosingStation_SET_Height",12500,"Notiz",364,2076,"false","false","true","true","true","false","false","false","false","false","false","true","false","false","false","false",2064,"false","false","false","false","true","false","false","false","false","false","false","true","false","false","false","false",3,"true","true","false","false","false","false","false",-99999,999999,"rw","f"
"Tucker bar width","ClosingStation_SET_TuckerBarWidth",12093,"Notiz",365,2076,"false","false","true","true","true","false","false","false","false","false","false","true","false","false","false","false",2064,"false","false","false","false","true","false","false","false","false","false","false","true","false","false","false","false",3,"true","true","false","false","false","false","false",-99999,999999,"rw","f"
"Delta rail height","ClosingStation_SET_DeltaRailHeight",11042,"Notiz",366,2076,"false","false","true","true","true","false","false","false","false","false","false","true","false","false","false","false",2064,"false","false","false","false","true","false","false","false","false","false","false","true","false","false","false","false",3,"true","true","false","false","false","false","false",-99999,999999,"rw","f"
"Delta rail length","ClosingStation_SET_DeltaRailLength",11204,"Notiz",367,2076,"false","false","true","true","true","false","false","false","false","false","false","true","false","false","false","false",2064,"false","false","false","false","true","false","false","false","false","false","false","true","false","false","false","false",3,"true","true","false","false","false","false","false",-99999,999999,"rw","f"
"Round guide","ClosingStation_SET_RoundGuide",12092,"Notiz",368,2076,"false","false","true","true","true","false","false","false","false","false","false","true","false","false","false","false",2064,"false","false","false","false","true","false","false","false","false","false","false","true","false","false","false","false",3,"true","true","false","false","false","false","false",-99999,999999,"rw","f"
"Round guide height","ClosingStation_SET_RoundGuideHeight",14580,"Notiz",369,2076,"false","false","true","true","true","false","false","false","false","false","false","true","false","false","false","false",2064,"false","false","false","false","true","false","false","false","false","false","false","true","false","false","false","false",3,"true","true","false","false","false","false","false",-99999,999999,"rw","f"
"Round guide length","ClosingStation_SET_RoundGuideLength",14579,"Notiz",370,2076,"false","false","true","true","true","false","false","false","false","false","false","true","false","false","false","false",2064,"false","false","false","false","true","false","false","false","false","false","false","true","false","false","false","false",3,"true","true","false","false","false","false","false",-99999,999999,"rw","f"
"CLOSING STATION LEFT","ClosingStation_SET_H_Left",12148,"Notiz",371,2076,"false","false","true","true","true","false","false","false","false","false","false","true","false","false","false","false",2064,"false","false","false","false","true","false","false","false","false","false","false","true","false","false","false","false",3,"true","true","false","false","false","false","false",-99999,999999,"w","f"
"Closing station height","ClosingStation_SET_HeightLeft",12500,"Notiz",372,2076,"false","false","true","true","true","false","false","false","false","false","false","true","false","false","false","false",2064,"false","false","false","false","true","false","false","false","false","false","false","true","false","false","false","false",3,"true","true","false","false","false","false","false",-99999,999999,"rw","f"
"Tucker bar width","ClosingStation_SET_TuckerBarWidthLeft",12093,"Notiz",373,2076,"false","false","true","true","true","false","false","false","false","false","false","true","false","false","false","false",2064,"false","false","false","false","true","false","false","false","false","false","false","true","false","false","false","false",3,"true","true","false","false","false","false","false",-99999,999999,"rw","f"
"Delta rail height","ClosingStation_SET_DeltaRailHeightLeft",11042,"Notiz",374,2076,"false","false","true","true","true","false","false","false","false","false","false","true","false","false","false","false",2064,"false","false","false","false","true","false","false","false","false","false","false","true","false","false","false","false",3,"true","true","false","false","false","false","false",-99999,999999,"rw","f"
"Delta rail length","ClosingStation_SET_DeltaRailLengthLeft",11204,"Notiz",375,2076,"false","false","true","true","true","false","false","false","false","false","false","true","false","false","false","false",2064,"false","false","false","false","true","false","false","false","false","false","false","true","false","false","false","false",3,"true","true","false","false","false","false","false",-99999,999999,"rw","f"
"Round guide","ClosingStation_SET_RoundGuideLeft",12092,"Notiz",376,2076,"false","false","true","true","true","false","false","false","false","false","false","true","false","false","false","false",2064,"false","false","false","false","true","false","false","false","false","false","false","true","false","false","false","false",3,"true","true","false","false","false","false","false",-99999,999999,"rw","f"
"Round guide height","ClosingStation_SET_RoundGuideHeightLeft",14580,"Notiz",377,2076,"false","false","true","true","true","false","false","false","false","false","false","true","false","false","false","false",2064,"false","false","false","false","true","false","false","false","false","false","false","true","false","false","false","false",3,"true","true","false","false","false","false","false",-99999,999999,"rw","f"
"Round guide length","ClosingStation_SET_RoundGuideLengthLeft",14579,"Notiz",378,2076,"false","false","true","true","true","false","false","false","false","false","false","true","false","false","false","false",2064,"false","false","false","false","true","false","false","false","false","false","false","true","false","false","false","false",3,"true","true","false","false","false","false","false",-99999,999999,"rw","f"
"Round guide fine tun.height","ClosingStation_SET_RoundGuideFineTune",12502,"Notiz",379,2076,"false","false","true","true","true","false","false","false","false","false","false","true","false","false","false","false",2064,"false","false","false","false","true","false","false","false","false","false","false","true","false","false","false","false",3,"true","true","false","false","false","false","false",-99999,999999,"rw","f"

Labeler
"Switch Label code","CodeLabel_SWI_Label",15274,"Schalter",444,2072,"false","false","false","true","true","false","false","false","false","false","false","true","false","false","false","false",2064,"false","false","false","false","true","false","false","false","false","false","false","true","false","false","false","false",23,"true","true","true","false","true","false","false",-99999,999999,"rw","f"
"Switch Link-up labeller","Labeler_SWI_LinkUp",12979,"Schalter",445,2076,"false","false","true","true","true","false","false","false","false","false","false","true","false","false","false","false",2064,"false","false","false","false","true","false","false","false","false","false","false","true","false","false","false","false",19,"true","true","false","false","true","false","false",-99999,999999,"rw","f"
"LABELLER","Labeler_SET_H",13615,"Notiz",383,2076,"false","false","true","true","true","false","false","false","false","false","false","true","false","false","false","false",2072,"false","false","false","true","true","false","false","false","false","false","false","true","false","false","false","false",3,"true","true","false","false","false","false","false",-99999,999999,"w","f"
"Labeller height","Labeler_SET_Height",13616,"Notiz",384,2076,"false","false","true","true","true","false","false","false","false","false","false","true","false","false","false","false",2072,"false","false","false","true","true","false","false","false","false","false","false","true","false","false","false","false",3,"true","true","false","false","false","false","false",-99999,999999,"rw","f"
"Labeller length","Labeler_SET_Length",13617,"Notiz",385,2076,"false","false","true","true","true","false","false","false","false","false","false","true","false","false","false","false",2072,"false","false","false","true","true","false","false","false","false","false","false","true","false","false","false","false",3,"true","true","false","false","false","false","false",-99999,999999,"rw","f"
"Program number","Labeler_SET_ProgNumber",14044,"Notiz",386,2076,"false","false","true","true","true","false","false","false","false","false","false","true","false","false","false","false",2072,"false","false","false","true","true","false","false","false","false","false","false","true","false","false","false","false",3,"true","true","false","false","false","false","false",-99999,999999,"rw","f"
"LABEL CONTROL","Labeler_SET_H_Scan",13182,"Notiz",387,2076,"false","false","true","true","true","false","false","false","false","false","false","true","false","false","false","false",2072,"false","false","false","true","true","false","false","false","false","false","false","true","false","false","false","false",3,"true","true","false","false","false","false","false",-99999,999999,"w","f"
"Label control height","Labeler_SET_ScanHeight",15278,"Notiz",388,2076,"false","false","true","true","true","false","false","false","false","false","false","true","false","false","false","false",2072,"false","false","false","true","true","false","false","false","false","false","false","true","false","false","false","false",3,"true","true","false","false","false","false","false",-99999,999999,"rw","f"
"Label control length","Labeler_SET_ScanLength",15279,"Notiz",389,2076,"false","false","true","true","true","false","false","false","false","false","false","true","false","false","false","false",2072,"false","false","false","true","true","false","false","false","false","false","false","true","false","false","false","false",3,"true","true","false","false","false","false","false",-99999,999999,"rw","f"
"Label luminescence height","Labeler_SET_LumiHeight",13425,"Notiz",390,2076,"false","false","true","true","true","false","false","false","false","false","false","true","false","false","false","false",2072,"false","false","false","true","true","false","false","false","false","false","false","true","false","false","false","false",3,"true","true","false","false","false","false","false",-99999,999999,"rw","f"
"Label luminescence length","Labeler_SET_LumiLength",13426,"Notiz",391,2076,"false","false","true","true","true","false","false","false","false","false","false","true","false","false","false","false",2072,"false","false","false","true","true","false","false","false","false","false","false","true","false","false","false","false",3,"true","true","false","false","false","false","false",-99999,999999,"rw","f"
"Program number","Labeler_SET_ScanProgNumber",14044,"Notiz",392,2076,"false","false","true","true","true","false","false","false","false","false","false","true","false","false","false","false",2072,"false","false","false","true","true","false","false","false","false","false","false","true","false","false","false","false",3,"true","true","false","false","false","false","false",-99999,999999,"rw","f"
"Start label monitoring","Labeler_SET_ScanStart",15770,"Notiz",393,2076,"false","false","true","true","true","false","false","false","false","false","false","true","false","false","false","false",2072,"false","false","false","true","true","false","false","false","false","false","false","true","false","false","false","false",3,"true","true","false","false","false","false","false",-99999,999999,"rw","f"
"Width label","Labeler_SET_Width",15771,"Notiz",394,2076,"false","false","true","true","true","false","false","false","false","false","false","true","false","false","false","false",2072,"false","false","false","true","true","false","false","false","false","false","false","true","false","false","false","false",3,"true","true","false","false","false","false","false",-99999,999999,"rw","f"
"HOT STAMPING PRINTER","Labeler_SET_H_StampPrinter",14378,"Notiz",395,2076,"false","false","true","true","true","false","false","false","false","false","false","true","false","false","false","false",2072,"false","false","false","true","true","false","false","false","false","false","false","true","false","false","false","false",3,"true","true","false","false","false","false","false",-99999,999999,"w","f"
"Hot stamping printer height","Labeler_SET_StampPrinterHeight",14379,"Notiz",396,2076,"false","false","true","true","true","false","false","false","false","false","false","true","false","false","false","false",2072,"false","false","false","true","true","false","false","false","false","false","false","true","false","false","false","false",3,"true","true","false","false","false","false","false",-99999,999999,"rw","f"
"Hot stamping printer length","Labeler_SET_StampPrinterLength",14380,"Notiz",397,2076,"false","false","true","true","true","false","false","false","false","false","false","true","false","false","false","false",2072,"false","false","false","true","true","false","false","false","false","false","false","true","false","false","false","false",3,"true","true","false","false","false","false","false",-99999,999999,"rw","f"
"Program number","Labeler_SET_StampPrinterProgNumber",14044,"Notiz",398,2076,"false","false","true","true","true","false","false","false","false","false","false","true","false","false","false","false",2072,"false","false","false","true","true","false","false","false","false","false","false","true","false","false","false","false",3,"true","true","false","false","false","false","false",-99999,999999,"rw","f"
"Format of marking","Labeler_SET_StampPrinterFormatOfMarking",13449,"Notiz",399,2076,"false","false","true","true","true","false","false","false","false","false","false","true","false","false","false","false",2072,"false","false","false","true","true","false","false","false","false","false","false","true","false","false","false","false",3,"true","true","false","false","false","false","false",-99999,999999,"rw","f"
"Print position height","Labeler_SET_StampPrinterPosHeight",14106,"Notiz",400,2076,"false","false","true","true","true","false","false","false","false","false","false","true","false","false","false","false",2072,"false","false","false","true","true","false","false","false","false","false","false","true","false","false","false","false",3,"true","true","false","false","false","false","false",-99999,999999,"rw","f"
"Detection position camera","Labeler_SET_DetPosCamera",14097,"Notiz",401,2076,"false","false","true","true","true","false","false","false","false","false","false","true","false","false","false","false",2072,"false","false","false","true","true","false","false","false","false","false","false","true","false","false","false","false",3,"true","true","false","false","false","false","false",-99999,999999,"rw","f"
"Detection position reject","Labeler_SET_DetPosRej",14107,"Notiz",402,2076,"false","false","true","true","true","false","false","false","false","false","false","true","false","false","false","false",2072,"false","false","false","true","true","false","false","false","false","false","false","true","false","false","false","false",3,"true","true","false","false","false","false","false",-99999,999999,"rw","f"
"Detection position height","Labeler_SET_DetPosHeight",14108,"Notiz",403,2076,"false","false","true","true","true","false","false","false","false","false","false","true","false","false","false","false",2072,"false","false","false","true","true","false","false","false","false","false","false","true","false","false","false","false",3,"true","true","false","false","false","false","false",-99999,999999,"rw","f"
"Pos. guide bar 1","Labeler_SET_PosGuideBar1",12967,"Notiz",404,2076,"false","false","true","true","true","false","false","false","false","false","false","true","false","false","false","false",2072,"false","false","false","true","true","false","false","false","false","false","false","true","false","false","false","false",3,"true","true","false","false","false","false","false",-99999,999999,"rw","f"
"Pos. guide bar 2","Labeler_SET_PosGuideBar2",12968,"Notiz",405,2076,"false","false","true","true","true","false","false","false","false","false","false","true","false","false","false","false",2072,"false","false","false","true","true","false","false","false","false","false","false","true","false","false","false","false",3,"true","true","false","false","false","false","false",-99999,999999,"rw","f"
"donor tongue length","Labeler_SET_DonorTongueLength",21339,"Notiz",406,2076,"false","false","true","true","true","false","false","false","false","false","false","true","false","false","false","false",2072,"false","false","false","true","true","false","false","false","false","false","false","true","false","false","false","false",3,"true","true","false","false","false","false","false",-99999,999999,"rw","f"

Misfilled package rejection
"Cam misfilled package reject 1","Rejection_1_CAM_MisfilledPackageReject",11088,"Winkel",469,2072,"false","false","false","true","true","false","false","false","false","false","false","true","false","false","false","false",2064,"false","false","false","false","true","false","false","false","false","false","false","true","false","false","false","false",19,"true","true","false","false","true","false","false",0,99,"rw","f"
"Section misfilled package reject 1","Rejection_1_CON_SEC_MisfilledPackageReject",11522,"Config",69,2072,"false","false","false","true","true","false","false","false","false","false","false","true","false","false","false","false",2064,"false","false","false","false","true","false","false","false","false","false","false","true","false","false","false","false",19,"true","true","false","false","true","false","false",0,256,"rw","f"
"Section misfilled package reject 2","Rejection_2_CON_SEC_MisfilledPackageReject",13161,"Config",71,2072,"false","false","false","true","true","false","false","false","false","false","false","true","false","false","false","false",2064,"false","false","false","false","true","false","false","false","false","false","false","true","false","false","false","false",19,"true","true","false","false","true","false","false",0,256,"rw","f"
"FILL CONTROL","Rejection_1_SET_H_FillControl",12260,"Notiz",407,2076,"false","false","true","true","true","false","false","false","false","false","false","true","false","false","false","false",2064,"false","false","false","false","true","false","false","false","false","false","false","true","false","false","false","false",3,"true","true","false","false","false","false","false",-99999,999999,"w","f"
"Fill control carton height","Rejection_1_SET_FillControlHeight",12209,"Notiz",408,2076,"false","false","true","true","true","false","false","false","false","false","false","true","false","false","false","false",2064,"false","false","false","false","true","false","false","false","false","false","false","true","false","false","false","false",3,"true","true","false","false","false","false","false",-99999,999999,"rw","f"
"Fill control carton length","Rejection_1_SET_FillControlLength",17907,"Notiz",409,2076,"false","false","true","true","true","false","false","false","false","false","false","true","false","false","false","false",2064,"false","false","false","false","true","false","false","false","false","false","false","true","false","false","false","false",3,"true","true","false","false","false","false","false",-99999,999999,"rw","f"
"Fill control for carton-program","Rejection_1_SET_FillControlProg",13441,"Notiz",410,2076,"false","false","true","true","true","false","false","false","false","false","false","true","false","false","false","false",2064,"false","false","false","false","true","false","false","false","false","false","false","true","false","false","false","false",3,"true","true","false","false","false","false","false",-99999,999999,"rw","f"

Statistics
"Estadisticas","BasicMachine_SWI_Del_Statistic",8441,"Schalter",424,2072,"false","false","false","true","true","false","false","false","false","false","false","true","false","false","false","false",2072,"false","false","false","true","true","false","false","false","false","false","false","true","false","false","false","false",22,"false","true","true","false","true","false","false",-99999,999999,"rw",
"Good packages","Statistic_CON_CNT_Good",10687,"Config",6,2076,"false","false","true","true","true","false","false","false","false","false","false","true","false","false","false","false",2064,"false","false","false","false","true","false","false","false","false","false","false","true","false","false","false","false",16,"false","false","false","false","true","false","false",0,99,"r",
"Misfilled packages","Statistic_CON_CNT_Bad",10688,"Config",7,2076,"false","false","true","true","true","false","false","false","false","false","false","true","false","false","false","false",2064,"false","false","false","false","true","false","false","false","false","false","false","true","false","false","false","false",16,"false","false","false","false","true","false","false",0,99,"r",
"Counting magazine 1","BlisterCounting_1_CON_CNT_Statistic",10689,"Config",15,-1,"true","true","true","true","true","true","true","true","true","true","true","true","true","true","true","true",2064,"false","false","false","false","true","false","false","false","false","false","false","true","false","false","false","false",16,"false","false","false","false","true","false","false",0,99,"r",
"Counting redundant magazine","RedundantMagazine_CON_CNT_Statistic",10691,"Config",17,-1,"true","true","true","true","true","true","true","true","true","true","true","true","true","true","true","true",2064,"false","false","false","false","true","false","false","false","false","false","false","true","false","false","false","false",16,"false","false","false","false","true","false","false",0,99,"r",
"Product control / Overcount","ProductMonitoring_Blister_CON_CNT_Statistic",10991,"Config",20,-1,"true","true","true","true","true","true","true","true","true","true","true","true","true","true","true","true",2064,"false","false","false","false","true","false","false","false","false","false","false","true","false","false","false","false",16,"false","false","false","false","true","false","false",0,99,"r",
"Detection slidefeeder","SlideFeeder_1_CON_CNT_Statistic",10695,"Config",24,-1,"true","true","true","true","true","true","true","true","true","true","true","true","true","true","true","true",2064,"false","false","false","false","true","false","false","false","false","false","false","true","false","false","false","false",16,"false","false","false","false","true","false","false",0,99,"r",
"Leaflet length measuring","LFR_RS_21_850_Length_CON_CNT_Statistic",15494,"Config",31,-1,"true","true","true","true","true","true","true","true","true","true","true","true","true","true","true","true",2064,"false","false","false","false","true","false","false","false","false","false","false","true","false","false","false","false",16,"false","false","false","false","true","false","false",0,99,"r",
"Leaflet code 1","CodeLeafUnderside_CON_CNT_Statistic",10698,"Config",37,-1,"true","true","true","true","true","true","true","true","true","true","true","true","true","true","true","true",2064,"false","false","false","false","true","false","false","false","false","false","false","true","false","false","false","false",16,"false","false","false","false","true","false","false",0,99,"r",
"Splice detection","SpliceDetectionLeafletReel_CON_CNT_Statistic",10697,"Config",34,-1,"true","true","true","true","true","true","true","true","true","true","true","true","true","true","true","true",2064,"false","false","false","false","true","false","false","false","false","false","false","true","false","false","false","false",16,"false","false","false","false","true","false","false",0,99,"r",
"Leaflet detection","LFR_RS_21_850_CON_CNT_Statistic",10693,"Config",30,-1,"true","true","true","true","true","true","true","true","true","true","true","true","true","true","true","true",2064,"false","false","false","false","true","false","false","false","false","false","false","true","false","false","false","false",16,"false","false","false","false","true","false","false",0,99,"r",
"Carton detection","CartonFeeder_CON_CNT_Statistic",10694,"Config",41,-1,"true","true","true","true","true","true","true","true","true","true","true","true","true","true","true","true",2064,"false","false","false","false","true","false","false","false","false","false","false","true","false","false","false","false",16,"false","false","false","false","true","false","false",0,99,"r",
"Overload product loader","ProductInsert_CON_CNT_Statistic",10696,"Config",47,-1,"true","true","true","true","true","true","true","true","true","true","true","true","true","true","true","true",2064,"false","false","false","false","true","false","false","false","false","false","false","true","false","false","false","false",16,"false","false","false","false","true","false","false",0,99,"r",
"Luminescence control","LeafletPresentControlLumat_CON_CNT_Statistic",10701,"Config",51,-1,"true","true","true","true","true","true","true","true","true","true","true","true","true","true","true","true",2064,"false","false","false","false","true","false","false","false","false","false","false","true","false","false","false","false",16,"false","false","false","false","true","false","false",0,99,"r",
"Carton code","CodeCarton_CON_CNT_Statistic",10700,"Config",44,-1,"true","true","true","true","true","true","true","true","true","true","true","true","true","true","true","true",2064,"false","false","false","false","true","false","false","false","false","false","false","true","false","false","false","false",16,"false","false","false","false","true","false","false",0,99,"r",
"Hot-melt applicator","HotmeltProBlue4_CON_CNT_Statistic",10704,"Config",63,-1,"true","true","true","true","true","true","true","true","true","true","true","true","true","true","true","true",2064,"false","false","false","false","true","false","false","false","false","false","false","true","false","false","false","false",16,"false","false","false","false","true","false","false",0,99,"r",
"Overload closing station","ClosingStation_CON_CNT_Statistic",15397,"Config",65,-1,"true","true","true","true","true","true","true","true","true","true","true","true","true","true","true","true",2064,"false","false","false","false","true","false","false","false","false","false","false","true","false","false","false","false",16,"false","false","false","false","true","false","false",0,99,"r",
"Fill control for carton","Rejection_1_CON_CNT_Statistic",10702,"Config",70,-1,"true","true","true","true","true","true","true","true","true","true","true","true","true","true","true","true",2064,"false","false","false","false","true","false","false","false","false","false","false","true","false","false","false","false",16,"false","false","false","false","true","false","false",0,99,"r",
"Label code","CodeLabel_CON_CNT_Statistic",15257,"Config",67,-1,"true","true","true","true","true","true","true","true","true","true","true","true","true","true","true","true",2064,"false","false","false","false","true","false","false","false","false","false","false","true","false","false","false","false",16,"false","false","false","false","true","false","false",0,99,"r",

Others
,"Basic_CON_I_VelocityMachine",0,"Config",4,2076,"false","false","true","true","true","false","false","false","false","false","false","true","false","false","false","false",2072,"false","false","false","true","true","false","false","false","false","false","false","true","false","false","false","false",19,"true","true","false","false","true","false","false",0,250,"r",
,"Basic_CON_I_PosMainDrive",0,"Config",5,2076,"false","false","true","true","true","false","false","false","false","false","false","true","false","false","false","false",2072,"false","false","false","true","true","false","false","false","false","false","false","true","false","false","false","false",19,"true","true","false","false","true","false","false",0,360,"r",
"Mode selector","Basic_SWI_OperationModeMachine",10677,"Schalter",420,2076,"false","false","true","true","true","false","false","false","false","false","false","true","false","false","false","false",2076,"false","false","true","true","true","false","false","false","false","false","false","true","false","false","false","false",18,"false","true","false","false","true","false","false",-99999,999999,"rw",
